Decoy,HostName,Failure Rate,New Flows,Failed Decoys
Daily Average,*,0.10236421913135531,305259,34811
35.9.48.123,Unknown,0,9,0
35.8.152.36,Unknown,0,7,0
35.9.37.60,Unknown,0,6,0
35.9.18.66,Unknown,0,6,0
35.8.7.133,Unknown,0,6,0
35.8.48.200,Unknown,0,6,0
35.8.140.59,Unknown,0,5,0
35.8.12.116,Unknown,0,5,0
35.9.18.7,Unknown,0,4,0
35.8.7.98,Unknown,0,4,0
35.9.12.9,Unknown,0,4,0
35.8.53.38,Unknown,0,2,0
35.9.179.93,Unknown,0,2,0
192.122.184.166,Unknown,0,2,0
35.8.29.86,Unknown,0,2,0
35.9.189.5,Unknown,0,1,0
35.9.123.23,Unknown,0,1,0
35.8.12.4,Unknown,0,1,0
35.9.97.144,msmc-sync.glbrc.org,0.0014563106796116505,2057,3
35.8.7.176,nscl.msu.edu,0.0020876826722338203,1434,3
35.9.14.71,apps.d2l.msu.edu,0.002130681818181818,1405,3
35.8.12.220,usysprd702a.itservices.msu.edu,0.0021413276231263384,2796,6
35.8.100.233,loncapa.msu.edu,0.0022091310751104565,2710,6
35.12.4.31,vdi-a-cs.campusad.msu.edu,0.0025188916876574307,1584,4
35.8.12.210,itastst701a.itservices.msu.edu,0.0026219192448872575,1902,5
35.9.189.95,sportcamps.msu.edu,0.002664890073284477,1497,4
35.8.12.122,webhosting4.itservices.msu.edu,0.003178639542275906,1568,5
35.12.4.12,vdi-a-cs.campusad.msu.edu,0.0036101083032490976,1380,5
35.8.100.237,s5.lite.msu.edu,0.0037257824143070045,2674,10
35.8.12.165,webhosting10.itservices.msu.edu,0.003757044458359424,1591,6
35.8.32.49,events.frib.msu.edu,0.003808487486398259,1831,7
35.9.188.190,shop.recsports.msu.edu,0.00390625,2040,8
35.9.37.190,mail.egr.msu.edu,0.00398406374501992,1000,4
35.8.48.41,helmholtz.psy.msu.edu,0.004157339302846178,3114,13
35.9.188.100,sr.rhs.msu.edu,0.004170141784820684,1194,5
35.8.12.113,webhosting12.itservices.msu.edu,0.004389815627743635,1134,5
35.8.224.171,web6.cal.msu.edu,0.0044444444444444444,1568,7
35.9.20.217,*.cse.msu.edu,0.004524886877828055,1540,7
35.8.12.88,inclusion.msu.edu,0.004541326067211626,3288,15
35.9.250.37,vpn.msu.edu,0.004595588235294118,2166,10
35.8.12.227,webapp.msu.edu,0.004596191726854892,1516,7
35.8.12.100,webhosting4.itservices.msu.edu,0.004648460197559558,1713,8
35.8.223.223,img.lib.msu.edu,0.004915346805024577,1822,9
35.8.29.87,broadcast.alert.msu.edu,0.005017921146953405,1388,7
35.8.7.190,webhosting6.itservices.msu.edu,0.005020538566864446,2180,11
35.8.12.179,www.webhosting2.itservices.msu.edu,0.0050729232720355105,1569,8
35.9.15.154,www.webhosting2.itservices.msu.edu,0.005082592121982211,783,4
35.8.223.35,libproxym.lib.msu.edu,0.005084745762711864,1761,9
35.9.102.119,login.isp.msu.edu,0.005188679245283019,2109,11
35.8.224.69,dev.celta.msu.edu,0.005199306759098787,1148,6
35.9.12.42,wiki.hpcc.msu.edu,0.00533175355450237,1679,9
35.12.4.20,vdi-a-cs.campusad.msu.edu,0.0054017555705604325,1473,8
35.8.32.68,xenappdev-sf01.frib.msu.edu,0.0054694621695533276,1091,6
35.8.12.20,webhosting4.itservices.msu.edu,0.00550314465408805,1265,7
35.8.7.161,adminsv.msu.edu,0.0056022408963585435,1775,10
35.8.164.160,beacon-center.org,0.005755947812739831,2591,15
35.8.100.238,s6.lite.msu.edu,0.005761843790012804,1553,9
35.8.12.202,www.webhosting2.itservices.msu.edu,0.005805515239477504,685,4
35.8.100.231,s3.lite.msu.edu,0.005936675461741424,1507,9
35.9.188.251,digitalsigns.rhs.msu.edu,0.005958291956305859,1001,6
35.8.12.67,cosmetic.msu.edu,0.005977011494252874,2162,13
35.8.12.251,www.webhosting2.itservices.msu.edu,0.005980861244019139,1662,10
35.8.12.168,webhosting4.itservices.msu.edu,0.006035003017501509,1647,10
35.8.7.186,ezproxyauth.ats.msu.edu,0.0061118946873530795,2114,13
35.8.133.141,www.accounting.broad.msu.edu,0.006112469437652812,813,5
35.8.12.211,webhosting4.itservices.msu.edu,0.006477732793522267,1227,8
35.9.75.201,mail.msu.edu,0.0065,1987,13
35.9.86.45,prtg.hc.msu.edu,0.0065252854812398045,1218,8
35.8.12.219,www.selfcheck.webapp.msu.edu,0.006662225183211193,1491,10
35.8.12.98,webhosting11.itservices.msu.edu,0.006751054852320675,1177,8
35.8.7.168,webhosting6.itservices.msu.edu,0.00683371298405467,1744,12
35.8.196.10,hubble.plantbiology.msu.edu,0.006878761822871883,1155,8
35.8.152.216,agris-knowledgebase.org,0.0068792995622263915,1588,11
35.8.234.101,bierdoctor.com,0.006932409012131715,1146,8
35.8.33.108,wikihost.nscl.msu.edu,0.006952491309385863,857,6
35.9.20.106,*.cse.msu.edu,0.007046388725778039,1691,12
35.9.11.130,spartanarchive.msu.edu,0.007054673721340388,1126,8
35.8.223.216,uasapi.lib.msu.edu,0.0071174377224199285,1395,10
35.8.100.229,s1.lite.msu.edu,0.007304601899196494,1359,10
35.8.12.154,webhosting10.itservices.msu.edu,0.007331378299120235,1354,10
35.8.12.120,webhosting4.itservices.msu.edu,0.007371007371007371,1616,12
35.9.12.12,webservices.hpcc.msu.edu,0.007444168734491315,800,6
35.8.224.107,camps.cal.msu.edu,0.007454739084132056,932,7
35.8.11.3,*.proxy2.cl.msu.edu,0.007514450867052023,1717,13
35.8.12.36,webhosting4.itservices.msu.edu,0.0075282308657465494,791,6
35.12.4.5,vdi-a-cs.campusad.msu.edu,0.007614213197969543,1173,9
35.8.7.153,tfm.msu.edu,0.0076726342710997444,1164,9
35.9.170.26,campuscalldev.uadv.msu.edu,0.007751937984496124,1152,9
35.8.133.113,bps.broad.msu.edu,0.007855459544383346,1263,10
35.8.12.39,www.rmi.msu.edu,0.00792507204610951,1377,11
35.8.12.31,academicprofile.msu.edu,0.008190618019359643,1332,11
35.9.97.241,feig.bch.msu.edu,0.008222643896268185,1568,13
35.8.12.139,webhosting4.itservices.msu.edu,0.008351893095768375,1781,15
35.8.12.130,webhosting4.itservices.msu.edu,0.008368200836820083,1185,10
35.39.164.216,reports.ia.gvsu.edu,0.008482563619227144,1052,9
35.8.12.75,webhosting3.itservices.msu.edu,0.00849514563106796,1634,14
35.9.170.21,msualumni.com,0.008567931456548347,810,7
35.8.12.162,spartanpartners.msu.edu,0.008579599618684462,1040,9
35.8.223.41,lib.msu.edu,0.00872093023255814,1023,9
35.8.223.79,as.lib.msu.edu,0.008777852802160702,1468,13
35.9.102.72,redmine.isp.msu.edu,0.008902077151335312,2004,18
35.8.12.108,webhosting4.itservices.msu.edu,0.008953168044077135,1439,13
35.8.29.135,sip.msu.edu,0.009025270758122744,2196,20
35.9.123.29,redcap.raind.msu.edu,0.009083402146985962,1200,11
35.9.15.134,webhosting4.itservices.msu.edu,0.009153318077803204,866,8
35.8.32.118,xenapp-sf02.frib.msu.edu,0.009174311926605505,1080,10
35.9.15.155,www.webhosting2.itservices.msu.edu,0.009237875288683603,1287,12
35.8.7.132,webhosting11.itservices.msu.edu,0.009378663540445486,845,8
35.9.102.118,media.isp.msu.edu,0.009490940465918895,1148,11
35.8.12.177,itservices.msu.edu,0.009693053311793215,1226,12
35.8.223.203,git.lib.msu.edu,0.009708737864077669,1428,14
35.8.100.230,s2.lite.msu.edu,0.009722222222222222,713,7
35.8.48.11,psychology.msu.edu,0.009781790820165538,1316,13
35.9.2.84,netfiles.msu.edu,0.009825327510917031,907,9
35.9.15.152,www.webhosting2.itservices.msu.edu,0.009863013698630137,1807,18
35.39.164.211,*.library.gvsu.edu,0.009907997169143666,1399,14
35.8.152.28,clarity.bch.msu.edu,0.00998003992015968,2480,25
35.9.123.51,flintregistry.ctsi.msu.edu,0.010046885465505693,1478,15
35.8.12.240,webhosting3.itservices.msu.edu,0.01008249312557287,1080,11
35.8.223.56,cutt.lib.msu.edu,0.010084033613445379,1178,12
35.8.12.185,webhosting11.itservices.msu.edu,0.010126582278481013,782,8
35.8.12.223,webdisk.bolderbydesign.msu.edu,0.010128913443830571,1075,11
35.8.12.32,webhosting4.itservices.msu.edu,0.010382868267358857,1525,16
35.9.15.133,webhosting6.itservices.msu.edu,0.010515247108307046,941,10
35.8.234.131,futomaki.cas.msu.edu,0.010540184453227932,751,8
35.8.7.105,mel.lib.msu.edu,0.010561056105610561,1499,16
35.39.165.181,*.cis.gvsu.edu,0.0106951871657754,740,8
35.9.189.207,cashnetrdir.rhs.msu.edu,0.010739856801909307,829,9
35.8.12.214,webhosting4.itservices.msu.edu,0.010880316518298714,1000,11
35.9.170.19,www.staging.beta.alumni.msu.edu,0.011144130757800892,1331,15
35.8.12.137,webhosting4.itservices.msu.edu,0.011185682326621925,1326,15
35.8.48.62,journalofexpertise.org,0.011282051282051283,964,11
35.9.20.14,*.cse.msu.edu,0.011454753722794959,863,10
35.63.64.18,www.dis.us,0.011530398322851153,943,11
35.8.12.124,webhosting3.itservices.msu.edu,0.011747430249632892,1346,16
35.8.12.6,webhosting6.itservices.msu.edu,0.011772853185595568,1427,17
35.8.48.37,prlmaster.psy.msu.edu,0.011786038077969175,1090,13
35.8.223.69,ticmag.lib.msu.edu,0.011935208866155157,1159,14
35.8.33.118,wikihost.nscl.msu.edu,0.011984021304926764,742,9
192.41.236.107,psrsv.opensciencegrid.org,0.012162162162162163,731,9
35.9.102.87,travelersabroad.isp.msu.edu,0.012219959266802444,1455,18
35.9.20.215,*.cse.msu.edu,0.012257405515832482,967,12
35.8.12.26,webhosting3.itservices.msu.edu,0.012280701754385965,563,7
35.8.32.37,autodiscover.frib.msu.edu,0.012300123001230012,803,10
35.9.189.41,is.rhs.msu.edu,0.012345679012345678,1040,13
35.8.26.46,hisoccs.cem.msu.edu,0.012391573729863693,797,10
35.8.32.168,publicapps.frib.msu.edu,0.012548262548262547,1023,13
35.8.12.171,itasprd702a.itservices.msu.edu,0.012552301255230125,1416,18
35.8.32.46,supplierdashboard.frib.msu.edu,0.012601260126012601,1097,14
35.8.12.93,webhosting4.itservices.msu.edu,0.012627040344933785,3206,41
35.8.7.149,webhostingss.ats.msu.edu,0.012640449438202247,703,9
35.9.15.151,www.webhosting2.itservices.msu.edu,0.012687427912341407,856,11
35.9.12.113,84bb5f.6fbd.dn.glob.us,0.012690355329949238,389,5
35.8.223.7,websvcs.lib.msu.edu,0.013008130081300813,607,8
35.9.20.23,*.cse.msu.edu,0.01301775147928994,834,11
35.9.102.88,travelersarchive.isp.msu.edu,0.01303780964797914,757,10
35.8.223.141,lexnex.lib.msu.edu,0.013039934800325998,1211,16
35.8.7.165,webhosting6.itservices.msu.edu,0.01310272536687631,1883,25
35.8.100.228,s10.lite.msu.edu,0.013215859030837005,1568,21
35.8.12.236,checkdat.webapp.msu.edu,0.01328125,1263,17
35.8.100.240,s8.lite.msu.edu,0.013513513513513514,1314,18
35.8.12.90,webhosting4.itservices.msu.edu,0.0138811771238201,3552,50
35.12.130.41,*.firelab.org,0.014184397163120567,695,10
35.8.12.54,webhosting4.itservices.msu.edu,0.014360313315926894,755,11
35.8.48.32,cbcc.psy.msu.edu,0.014570552147239263,1285,19
35.8.12.16,www.techstore.msu.edu,0.01468048359240069,1141,17
35.8.33.154,people.nscl.msu.edu,0.014802631578947368,599,9
35.9.15.170,webhosting4.itservices.msu.edu,0.014833127317676144,797,12
35.9.12.131,ondemand.hpcc.msu.edu,0.015011547344110854,853,13
35.8.12.97,webhosting11.itservices.msu.edu,0.01503006012024048,983,15
35.8.32.50,officewebapps.frib.msu.edu,0.015055008685581933,1701,26
35.12.4.10,vdi-a-cs.campusad.msu.edu,0.015220700152207,647,10
35.9.188.225,ismgmt1.rhsnet.rhs.msu.edu,0.015247776365946633,1550,24
35.8.224.170,web5.cal.msu.edu,0.015503875968992248,635,10
35.9.15.132,www.spartners.msu.edu,0.0156794425087108,1130,18
35.8.12.213,webhosting11.itservices.msu.edu,0.015703517587939697,1567,25
35.8.223.150,listings.lib.msu.edu,0.01575056252009,3062,49
35.8.100.239,s7.lite.msu.edu,0.016168148746968473,1217,20
35.9.18.35,www.matrix.msu.edu,0.0163265306122449,241,4
35.8.12.7,www.webhosting7.itservices.msu.edu,0.01652892561983471,595,10
35.9.170.20,beta.advancement.msu.edu,0.016548463356973995,832,14
35.9.15.159,www.webhosting2.itservices.msu.edu,0.016713091922005572,706,12
35.9.250.38,slow.vpn.msu.edu,0.01679888007466169,2107,36
35.8.35.148,gateway.nscl.msu.edu,0.017034068136272545,981,17
35.9.123.6,fw-ats.bric.msu.edu,0.017045454545454544,173,3
35.8.12.238,webhosting3.itservices.msu.edu,0.017148014440433214,1089,19
35.8.35.78,elog.frib.msu.edu,0.01740294511378849,734,13
35.12.4.11,vdi-a-cs.campusad.msu.edu,0.01762114537444934,669,12
35.8.7.134,dev.attawards.msu.edu,0.017713365539452495,610,11
35.9.102.85,ispadmin.isp.msu.edu,0.017973856209150325,601,11
35.9.123.2,fw-ats.bric.msu.edu,0.01818181818181818,162,3
35.8.27.235,mail.chemistry.msu.edu,0.01858736059479554,264,5
35.9.189.31,auxenterprises.rhs.msu.edu,0.01913171449595291,1333,26
35.9.179.19,scs.msu.edu,0.01932367149758454,406,8
35.9.170.27,campuscall.uadv.msu.edu,0.01992619926199262,1328,27
35.8.223.55,storage-access1.lib.msu.edu,0.01995305164319249,835,17
35.9.20.19,*.cse.msu.edu,0.019963702359346643,1080,22
35.9.102.86,mcfsdb.isp.msu.edu,0.021148036253776436,1296,28
35.8.232.17,streaming.wkar.msu.edu,0.021568627450980392,499,11
35.8.223.32,linguistics.lib.msu.edu,0.021739130434782608,1080,24
35.8.12.56,webhosting4.itservices.msu.edu,0.021865889212827987,671,15
35.8.48.51,lists.psy.msu.edu,0.02195945945945946,579,13
35.9.14.89,achievements.webapp.msu.edu,0.02214022140221402,1590,36
35.8.12.125,webhosting6.itservices.msu.edu,0.022357723577235773,481,11
35.9.123.19,redcap.bric.msu.edu,0.022492970946579195,1043,24
35.8.34.22,publicapps.frib.msu.edu,0.022796352583586626,1286,30
35.8.29.136,sip.msu.edu,0.023182297154899896,927,22
35.8.223.9,as-archives.lib.msu.edu,0.023529411764705882,1328,32
35.9.20.246,*.cse.msu.edu,0.024255788313120176,885,22
35.8.152.99,baf.glbrc.org,0.024907749077490774,1057,27
35.9.18.4,africa-research.h-net.org,0.025,234,6
35.8.11.2,*.proxy1.cl.msu.edu,0.026124818577648767,671,18
35.8.152.192,pbdb.bch.msu.edu,0.02663934426229508,1425,39
35.9.10.204,cms02.cascade.msu.edu,0.026729559748427674,619,17
35.9.123.34,fw-ats.bric.msu.edu,0.028089887640449437,173,5
35.8.12.212,abramsplanetarium.org,0.028214616096207217,2101,61
35.9.18.21,cirrus.h-net.org,0.028225806451612902,241,7
35.9.37.147,jupyterhub.egr.msu.edu,0.028225806451612902,241,7
35.8.7.164,webhostingss.ats.msu.edu,0.02972972972972973,1436,44
35.8.202.28,maps.gmsts.org,0.03009259259259259,419,13
35.9.123.17,webmail.bric.msu.edu,0.03109452736318408,779,25
35.8.11.8,codeprod.lib.msu.edu,0.031315240083507306,928,30
35.9.18.29,africanworldhistory.org,0.031746031746031744,244,8
35.12.130.113,eamcweb3.usfs.msu.edu,0.03205128205128205,302,10
35.8.187.50,mdm.ipf.msu.edu,0.03218390804597701,421,14
35.8.12.232,webhosting3.itservices.msu.edu,0.03222398309561542,1832,61
35.9.188.61,convivial.rhs.msu.edu,0.03251318101933216,1101,37
35.9.83.132,vpn.msu.edu,0.03260869565217391,178,6
35.8.15.68,wbh12.geo.msu.edu,0.0327455919395466,384,13
35.8.35.147,nsauth.nscl.msu.edu,0.03341288782816229,405,14
35.9.188.243,isdb.rhs.msu.edu,0.034653465346534656,780,28
35.8.12.188,webhosting4.itservices.msu.edu,0.034892353377876766,1300,47
35.9.102.82,osa.isp.msu.edu,0.035034272658035034,1267,46
35.8.152.178,ts.prl.msu.edu,0.03512259774685222,1456,53
35.9.123.47,fw-ats.bric.msu.edu,0.03529411764705882,164,6
35.8.12.3,webhosting10.itservices.msu.edu,0.03639344262295082,2939,111
35.8.202.88,mail.asets.msu.edu,0.036688617121354655,1024,39
35.9.37.59,zimbra.egr.msu.edu,0.03679525222551929,1623,62
35.8.12.187,webhosting4.itservices.msu.edu,0.03764705882352941,1636,64
35.12.4.32,vdi-a-cs.campusad.msu.edu,0.03932584269662921,1197,49
35.9.123.44,fw-ats.bric.msu.edu,0.03977272727272727,169,7
35.9.123.18,seedteen.ctsi.msu.edu,0.04003813155386082,2014,84
35.12.141.66,mls.lac.msu.edu,0.04038461538461539,499,21
35.9.123.16,fw-ats.bric.msu.edu,0.04081632653061224,188,8
35.8.33.100,groups-ext.nscl.msu.edu,0.04144144144144144,1064,46
35.8.7.135,www.webhosting7.itservices.msu.edu,0.04186289900575615,1831,80
35.9.123.45,fw-ats.bric.msu.edu,0.041916167664670656,160,7
35.9.123.7,fw-ats.bric.msu.edu,0.04242424242424243,158,7
35.9.123.13,fw-ats.bric.msu.edu,0.04371584699453552,175,8
192.41.236.105,psconfig.aglt2.org,0.044642857142857144,214,10
35.9.2.101,afs.msu.edu,0.04556962025316456,754,36
35.9.15.150,webhosting4.itservices.msu.edu,0.045845272206303724,666,32
35.8.7.157,webhosting6.itservices.msu.edu,0.04691572545612511,2194,108
35.9.123.12,fw-ats.bric.msu.edu,0.04819277108433735,158,8
35.9.123.3,fw-ats.bric.msu.edu,0.049079754601226995,155,8
35.8.12.72,www.webhosting2.itservices.msu.edu,0.05008635578583765,550,29
35.9.123.50,fw-ats.bric.msu.edu,0.05113636363636364,167,9
35.39.164.232,www.egr.gvsu.edu,0.05138339920948617,240,13
35.9.123.24,fw-ats.bric.msu.edu,0.05194805194805195,146,8
35.8.223.68,toneperfect.lib.msu.edu,0.052121212121212124,782,43
35.9.123.30,fw-ats.bric.msu.edu,0.052941176470588235,161,9
35.9.36.236,vpn.egr.msu.edu,0.053811659192825115,211,12
35.9.123.35,fw-ats.bric.msu.edu,0.055,189,11
35.9.12.117,rt.hpcc.msu.edu,0.060810810810810814,278,18
35.12.50.2,*.1.oca.nflxvideo.net,0.061224489795918366,230,15
35.8.100.232,s4.lite.msu.edu,0.06152125279642058,839,55
35.8.202.13,www.gmsts.org,0.0625,510,34
35.9.123.57,fw-ats.bric.msu.edu,0.06285714285714286,164,11
35.9.10.203,cms01.cascade.msu.edu,0.064,936,64
35.12.141.70,mls.lac.msu.edu,0.06428571428571428,262,18
35.8.17.31,lhfacility.msu.edu,0.06496062992125984,475,33
35.9.123.46,fw-ats.bric.msu.edu,0.06532663316582915,186,13
192.122.184.177,www.akamaized-staging.net,0.07058823529411765,79,6
35.8.223.39,studentjobs.lib.msu.edu,0.07103825136612021,680,52
192.122.184.162,www.akamaihd.net,0.07628865979381444,448,37
35.9.188.115,neighborhoods.rhs.msu.edu,0.07852675469075747,1326,113
35.8.224.120,lctlvoices.clear.msu.edu,0.07853403141361257,880,75
192.122.184.163,www.akamaized.net,0.08084577114427861,739,65
35.9.18.238,webdav.h-net.org,0.08144796380090498,203,18
35.8.7.175,webhosting3.itservices.msu.edu,0.08181026979982593,1055,94
35.8.26.21,calendar.chemistry.msu.edu,0.087890625,934,90
35.8.223.15,tomcat.lib.msu.edu,0.09171597633136094,307,31
192.122.184.168,www.akamaized.net,0.09195402298850575,395,40
35.9.189.163,isutapp0.rhsnet.rhs.msu.edu,0.09950248756218906,181,20
35.8.29.77,sip.police.msu.edu,0.11538461538461539,161,21
35.39.169.233,dill.mll.gvsu.edu,0.12582781456953643,396,57
192.122.184.160,www.akamaized.net,0.12939698492462312,693,103
35.8.202.24,www.misin.msu.edu,0.14056224899598393,428,70
35.8.223.144,digital.lib.msu.edu,0.14788397527341893,1792,311
35.9.20.103,*.cse.msu.edu,0.17750573833205815,1075,232
192.122.184.165,www.akamaized.net,0.1783783783783784,608,132
192.122.184.176,www.akamaihd-staging.net,0.18461538461538463,106,24
192.122.184.169,www.akamaized-staging.net,0.3120893561103811,1047,475
192.122.184.159,a248.e.akamai.net,0.9090909090909091,2,20
192.122.184.167,a248.e.akamai.net,0.9523809523809523,1,20
35.8.223.11,3dprime.lib.msu.edu,0.9523809523809523,1,20
192.122.184.173,a248.e.akamai.net,0.9565217391304348,1,22
141.211.55.31,fusion-tissue.sph.umich.edu,1,0,32
198.111.152.220,childfindmichigan.org,1,0,32
141.211.3.86,www.dsc.umich.edu,1,0,31
141.214.174.79,btmtest.med.umich.edu,1,0,31
141.211.3.50,www.dsc.umich.edu,1,0,30
141.214.159.64,ravpn.med.umich.edu,1,0,30
141.211.217.149,macytcbd.miserver.it.umich.edu,1,0,30
141.193.178.206,vm2.stratyxit.com,1,0,30
153.106.200.172,calvin.edu,1,0,29
198.108.220.124,copesd.org,1,0,29
141.211.3.65,www.dsc.umich.edu,1,0,29
141.193.177.237,staging-eon.rpmi.co.uk,1,0,29
141.212.191.197,share.anandps.com,1,0,28
136.228.39.197,www.hpsk12.net,1,0,28
141.211.54.238,www.umich.edu,1,0,28
198.111.67.120,www.carmanainsworth.org,1,0,28
141.211.7.210,weblogin.umich.edu,1,0,28
136.228.35.106,www.westottawa.net,1,0,28
35.8.234.133,communities.cas.msu.edu,1,0,28
141.211.217.106,mbni.org,1,0,28
136.228.56.136,www.glcomets.net,1,0,28
141.211.54.180,shibboleth.umich.edu,1,0,28
141.212.114.224,www.futurearchs.org,1,0,28
198.109.200.33,alertus.jccmi.edu,1,0,28
206.57.250.84,captive-portal.peplink.com,1,0,28
141.211.182.40,www.lsi.umich.edu,1,0,28
141.212.113.253,andrewdeorio.com,1,0,27
141.211.4.13,mprint-test.dsc.umich.edu,1,0,27
141.213.3.97,eecs490.eecs.umich.edu,1,0,27
198.111.181.22,vpn.med.umich.edu,1,0,27
141.212.111.109,scientia.eecs.umich.edu,1,0,27
198.110.200.4,www.nmu.edu,1,0,27
141.213.3.26,vhosts.eecs.umich.edu,1,0,27
141.211.3.83,www.dsc.umich.edu,1,0,27
141.212.114.156,eecs489.eecs.umich.edu,1,0,27
141.214.16.37,kc.med.umich.edu,1,0,27
141.193.178.238,badstore.tddemo.hu,1,0,27
141.211.217.78,deptapps.engin.umich.edu,1,0,27
141.219.64.203,clearpass03.tc.mtu.edu,1,0,27
141.219.66.66,j.it.mtu.edu,1,0,27
141.211.182.44,www.lsi.umich.edu,1,0,27
198.108.148.35,www.med.wmich.edu,1,0,27
141.211.43.122,http-gate02.grid.umich.edu,1,0,27
173.225.183.114,cp4.det.utropicmedia.net,1,0,27
141.211.3.71,www.dsc.umich.edu,1,0,27
198.108.199.6,www.nmc.edu,1,0,27
141.211.182.46,www.lsi.umich.edu,1,0,27
141.214.2.22,hkgateway.med.umich.edu,1,0,27
141.211.169.55,um-grafana.osris.org,1,0,27
141.211.3.26,admin.careers.umich.edu,1,0,27
141.214.172.248,www.umhealthresearch.org,1,0,27
198.108.199.10,www.nmc.edu,1,0,26
141.211.7.158,*.dsc.umich.edu,1,0,26
198.110.203.113,mkvm1.nmu.edu,1,0,26
207.75.164.159,idp.incommonfederation.org,1,0,26
141.193.178.162,www.patientconnect365.com,1,0,26
207.75.164.115,service7.internet2.edu,1,0,26
141.217.1.144,*.wayne.edu,1,0,26
204.38.89.152,ps.byron.k12.mi.us,1,0,26
141.216.10.132,*.umflint.edu,1,0,26
136.228.36.93,www.powerschool.kpschools.com,1,0,26
69.58.38.26,www.schoolcraftschools.org,1,0,26
141.211.20.240,www.dsc.umich.edu,1,0,26
164.76.158.81,www.emich.edu,1,0,26
141.217.21.221,www.openjericho.com,1,0,26
192.231.113.159,data.sustainability.glbrc.org,1,0,26
207.190.178.55,monroe.k12.mi.us,1,0,26
198.109.227.11,www.glenoaks.edu,1,0,26
141.193.177.214,stamkaart.acc.nvm.nl,1,0,25
141.213.3.39,ece-scan.eecs.umich.edu,1,0,25
141.216.3.109,umflint.edu,1,0,25
198.109.71.14,www.med.wayne.edu,1,0,25
141.211.4.102,socr.umich.edu,1,0,25
141.214.65.187,mtqip.med.umich.edu,1,0,25
141.211.3.43,www.dsc.umich.edu,1,0,25
141.217.20.21,crsctest.med.wayne.edu,1,0,25
141.211.168.186,ergophiljournal.org,1,0,25
163.253.36.231,www.deepfield.net,1,0,25
173.225.177.134,portal.andertoncastings.com,1,0,25
66.219.120.76,destiny.edzone.net,1,0,25
141.212.114.235,aec.eecs.umich.edu,1,0,25
141.211.20.204,addmasbnp.dsc.umich.edu,1,0,25
141.211.217.147,um.tips4health.org,1,0,25
198.108.148.3,www.med.wmich.edu,1,0,25
198.110.203.50,synstor1.nmu.edu,1,0,25
141.214.2.71,onesgateway.med.umich.edu,1,0,25
141.212.113.211,ai.eecs.umich.edu,1,0,25
161.57.100.5,vpnext.ferris.edu,1,0,25
141.211.235.33,projects.dpss.umich.edu,1,0,25
141.211.217.35,smtd-www.miserver.it.umich.edu,1,0,25
204.38.89.198,www.sresd.org,1,0,25
141.211.216.209,msetup-ilab.miserver.it.umich.edu,1,0,25
136.228.35.111,www.westottawa.net,1,0,25
198.108.244.59,powerschool.eskymos.com,1,0,25
141.213.58.228,solar2.engin.umich.edu,1,0,25
141.211.217.192,www.studentlife.umich.edu,1,0,25
141.214.253.70,api.msis.med.umich.edu,1,0,25
141.218.145.40,ceas.wmich.edu,1,0,25
141.214.9.154,lvl2.med.umich.edu,1,0,25
141.211.211.197,ipt.lsa.umich.edu,1,0,24
192.122.184.164,a248.e.akamai.net,1,0,24
141.212.113.49,eecs183.org,1,0,24
204.38.0.40,mbg.dexterschools.org,1,0,24
141.211.3.74,www.dsc.umich.edu,1,0,24
204.38.89.156,ps.morrice.k12.mi.us,1,0,24
153.106.195.17,cpscadmin.cs.calvin.edu,1,0,24
141.193.177.207,badstore.darklab.co,1,0,24
141.211.5.122,photos.ath.umich.edu,1,0,24
204.39.94.44,www.dearbornschools.org,1,0,24
147.124.11.138,teach.albion.edu,1,0,24
192.108.188.238,lter.kbs.msu.edu,1,0,24
141.193.178.220,waf11.krauzo.pl,1,0,24
198.110.32.170,www.muskegoncc.edu,1,0,24
173.225.177.197,www.mediag.com,1,0,24
141.193.178.215,waf6.krauzo.pl,1,0,24
141.211.3.23,www.dsc.umich.edu,1,0,24
198.111.181.32,testvpn.med.umich.edu,1,0,24
141.213.58.232,solar4.engin.umich.edu,1,0,24
141.211.7.149,www-personal.umich.edu,1,0,24
141.193.178.161,mobile.mcaneny.biz,1,0,24
141.213.3.76,chezbetty.eecs.umich.edu,1,0,24
207.73.213.76,ps1.chelsea.k12.mi.us,1,0,24
141.193.178.167,api.athena.otp2.vgz.nl,1,0,24
192.108.188.77,lter.kbs.msu.edu,1,0,24
198.109.24.33,www.udmercy.edu,1,0,24
141.213.154.101,vpn.bus.umich.edu,1,0,24
141.211.182.111,*.lsi.umich.edu,1,0,24
141.212.115.78,autograder.io,1,0,24
164.76.7.112,hobo.emich.edu,1,0,24
136.228.36.82,www.tbaisd.k12.mi.us,1,0,24
141.193.178.210,waf2.krauzo.pl,1,0,24
141.213.3.34,plasmapictureoftheday.org,1,0,24
141.212.115.153,autograder.io,1,0,24
141.193.178.170,www.uat-embarkplatform.com,1,0,24
141.193.177.120,tst.mijn.bewuzt.nl,1,0,24
136.228.56.168,www.erpsk12.org,1,0,24
141.211.159.204,referrals.dent.umich.edu,1,0,24
141.211.111.133,www.housing.umich.edu,1,0,24
198.111.176.67,serviceapi.wccnet.edu,1,0,24
136.228.35.100,campus.westottawa.net,1,0,24
66.202.198.91,h5p.davenport.edu,1,0,24
141.213.3.45,geecs.eecs.umich.edu,1,0,24
141.212.110.122,endplay.eecs.umich.edu,1,0,24
141.212.115.151,autograder.io,1,0,24
141.219.64.202,clearpass02.tc.mtu.edu,1,0,24
204.38.89.157,ps.newlothrop.k12.mi.us,1,0,24
198.108.220.121,www.copesd.org,1,0,23
141.211.55.67,prsweb.sph.umich.edu,1,0,23
141.212.118.40,test.drownattack.com,1,0,23
173.225.177.221,www.mediag.com,1,0,23
141.212.115.203,lamport.eecs.umich.edu,1,0,23
204.38.22.31,bssbprod.nmu.edu,1,0,23
141.211.4.81,catsweb.miserver.it.umich.edu,1,0,23
198.110.29.9,library.lindenschools.org,1,0,23
204.38.48.101,ps.kingsford.org,1,0,23
173.225.184.144,cp1.managedway.com,1,0,23
141.193.178.187,www.mydbpension.com,1,0,23
141.211.4.167,sph.umich.edu,1,0,23
141.193.178.244,www.revenuewell.com,1,0,23
141.211.79.151,michiganross.umich.edu,1,0,23
141.211.4.41,caring4ward.org,1,0,23
141.211.3.9,*.dsc.umich.edu,1,0,23
141.211.21.149,weblogin.umich.edu,1,0,23
141.211.217.25,icandecidestudy.org,1,0,23
141.213.128.184,www.hathitrust.org,1,0,23
141.211.194.90,fms.bf.umich.edu,1,0,23
141.211.32.200,data.sca.isr.umich.edu,1,0,23
141.212.113.111,nlp.eecs.umich.edu,1,0,23
141.193.177.116,test.webtraining.com.br,1,0,23
141.209.110.20,virtuallab.cmich.edu,1,0,23
141.212.114.155,autograder.io,1,0,23
207.75.164.248,meetings.internet2.edu,1,0,23
141.218.23.52,davmail.wexchange.wmich.edu,1,0,23
198.111.176.15,banner.wccnet.edu,1,0,23
136.228.36.50,www.tbaisd.k12.mi.us,1,0,23
142.54.8.99,www.sisd.cc,1,0,23
66.202.198.78,www.davenport.edu,1,0,23
141.214.199.10,apigw.it.umich.edu,1,0,23
141.193.177.230,p-onyx998-waf.deg.red,1,0,23
141.211.168.170,deepblue.lib.umich.edu,1,0,23
141.211.3.63,www.dsc.umich.edu,1,0,23
141.193.177.146,www.tccrocks.com,1,0,23
198.110.199.87,prototype.nmu.edu,1,0,23
141.214.2.94,survey-dev.med.umich.edu,1,0,23
198.108.148.39,med.wmich.edu,1,0,23
192.41.230.55,psum01.aglt2.org,1,0,23
141.211.3.8,www.dsc.umich.edu,1,0,23
141.211.3.10,*.dsc.umich.edu,1,0,23
206.57.198.69,mail.northvilleschools.us,1,0,23
141.211.3.18,*.dsc.umich.edu,1,0,23
141.193.177.211,c3.corporatecostcontrol.com,1,0,23
198.111.176.107,blackboard.wccnet.edu,1,0,23
141.211.55.19,gscan-wiki.sph.umich.edu,1,0,23
141.193.178.159,powernet.mcaneny.biz,1,0,23
198.109.24.72,udmercy.edu,1,0,23
141.211.54.179,shibboleth.umich.edu,1,0,23
141.211.182.246,msites.lsi.umich.edu,1,0,23
66.219.120.83,ps.powerschooldemo.edzone.net,1,0,23
66.219.121.68,ps.fultonpirates.net,1,0,22
141.211.55.236,med.blue.ybrc.arc-ts.umich.edu,1,0,22
141.211.216.195,ppm.its.umich.edu,1,0,22
141.213.137.198,sibko.med.umich.edu,1,0,22
141.217.20.126,digital.library.wayne.edu,1,0,22
141.216.78.75,umflint.edu,1,0,22
164.76.158.38,www.emich.edu,1,0,22
141.212.118.20,scans.io,1,0,22
207.73.213.108,www.wash.k12.mi.us,1,0,22
141.211.3.57,2019.annualreport.umich.edu,1,0,22
164.76.2.163,www.emich.edu,1,0,22
141.212.191.25,exploration.engin.umich.edu,1,0,22
66.202.198.76,bnssb03.davenport.edu,1,0,22
192.231.113.106,aglog.kbs.msu.edu,1,0,22
67.194.232.72,snowfox.asuscomm.com,1,0,22
141.211.4.216,apps.procurement.finance.umich.edu,1,0,22
141.211.3.28,eresearch.umich.edu,1,0,22
141.211.184.98,webmail.abisny.people.si.umich.edu,1,0,22
141.193.177.172,transportation.mohegansun.com,1,0,22
141.211.4.208,chat-testing.it.umich.edu,1,0,22
153.106.195.13,shiny.cs.calvin.edu,1,0,22
141.211.28.231,yallahquit.org,1,0,22
141.217.0.1,*.cc.wayne.edu,1,0,22
141.209.32.15,music.cmich.edu,1,0,22
141.211.54.234,newgateway.web.itd.umich.edu,1,0,22
198.109.24.134,www.udmercy.edu,1,0,22
141.216.10.36,www.umflint.edu,1,0,22
141.211.217.48,www.ssti.miserver.it.umich.edu,1,0,22
141.211.4.34,smtd-www2.miserver.it.umich.edu,1,0,22
141.213.128.183,ergophiljournal.org,1,0,22
141.211.217.200,appsanywhere.engin.umich.edu,1,0,22
141.193.177.159,www.techcu.com,1,0,22
141.211.55.57,www-inpsyght1.sph.umich.edu,1,0,22
198.111.214.23,sisd-tc-lstbridge1a.sisd.cc,1,0,22
141.213.3.180,bookalive.io,1,0,22
141.216.10.174,*.umflint.edu,1,0,22
173.225.184.159,www.hokiwikiped.net,1,0,22
141.211.217.44,ihost3b.engin.umich.edu,1,0,22
207.74.117.226,www.bakerezproxy.palnet.info,1,0,22
192.122.184.170,a248.e.akamai.net,1,0,22
206.57.223.8,mbg.gardencityschools.com,1,0,22
141.211.21.147,shibboleth.umich.edu,1,0,22
141.211.32.77,sos.isr.umich.edu,1,0,22
141.211.4.211,demo.tandem.ai.umich.edu,1,0,22
141.215.68.47,degreeaudit-test.umd.umich.edu,1,0,22
153.106.116.37,sage7.cs.calvin.edu,1,0,22
198.110.216.125,www.proxy.lssu.edu,1,0,22
198.108.148.8,www.med.wmich.edu,1,0,22
164.76.7.55,www.ezproxy.emich.edu,1,0,22
141.193.178.178,www.gotecentral.com,1,0,22
141.211.186.145,a2guide.sites.uofmhosting.net,1,0,22
192.41.230.63,psum06-100g.aglt2.org,1,0,22
141.213.8.125,uigelz.eecs.umich.edu,1,0,22
198.110.199.13,beaker.nmu.edu,1,0,22
141.217.1.52,www.apps.wayne.edu,1,0,22
141.211.182.114,purchasing-dev.lsi.umich.edu,1,0,22
141.211.4.117,*.housing.umich.edu,1,0,22
198.108.174.78,www.citrix.wmcc.org,1,0,22
141.214.253.58,madeline.med.umich.edu,1,0,22
198.108.98.25,encore.monroe.lib.mi.us,1,0,22
141.211.182.190,www.lsi.umich.edu,1,0,22
141.211.4.33,apps.analytics.dev.umich.edu,1,0,22
198.109.89.140,playground.ioscoarenaclibrary.org,1,0,22
198.110.48.207,www.muskegonisd.org,1,0,22
136.228.35.147,bms.zps.org,1,0,22
141.211.55.16,comtag.sph.umich.edu,1,0,22
198.110.199.73,devapps.nmu.edu,1,0,22
141.214.120.65,bezak.umms.med.umich.edu,1,0,22
207.73.7.4,vpn.norcocmh.org,1,0,22
141.193.177.100,trial.gasupreme.us,1,0,22
141.211.21.146,shibboleth.umich.edu,1,0,22
141.212.114.103,www.autograder.io,1,0,22
141.211.4.238,aacollabarchive.humin.lsa.umich.edu,1,0,22
136.228.36.163,powerschool.tcaps.net,1,0,22
141.214.2.46,lifegoals.med.umich.edu,1,0,22
153.106.194.111,borg-rstudio.calvin.edu,1,0,22
206.57.166.26,repo.brightonk12.com,1,0,22
141.211.4.38,remotesupport-qa.it.umich.edu,1,0,22
141.211.217.156,www.carseatcompass.com,1,0,22
141.193.177.125,tst.mijnzorgzaam.nl,1,0,22
141.217.21.15,www.researchtraining.ovpr.wayne.edu,1,0,22
141.217.20.74,genetics.wayne.edu,1,0,22
141.193.177.134,acc.teststs.vgz.nl,1,0,22
208.68.25.100,www.remc1.net,1,0,22
141.211.28.13,*.dsc.umich.edu,1,0,22
198.108.241.6,cloud.menomineeco.com,1,0,22
141.213.154.85,fw-dent.umnet.umich.edu,1,0,22
198.109.71.82,www.med.wayne.edu,1,0,22
198.110.192.61,myuser.nmu.edu,1,0,22
198.108.221.105,www.ps.charemisd.org,1,0,21
173.225.184.140,managedway.com,1,0,21
192.231.113.128,sebewa.kbs.msu.edu,1,0,21
141.217.136.22,*.grid.wayne.edu,1,0,21
198.109.71.15,www.med.wayne.edu,1,0,21
192.41.230.11,gate01.aglt2.org,1,0,21
141.211.186.141,arkleg.sites.uofmhosting.net,1,0,21
141.214.9.171,p-weblogin.med.umich.edu,1,0,21
136.228.36.65,www.tbaisd.org,1,0,21
141.211.217.185,managehf.phar.umich.edu,1,0,21
153.106.135.31,www.hymnary.org,1,0,21
206.57.165.182,www.pinckneycti.org,1,0,21
136.228.36.47,ps.glenlake.k12.mi.us,1,0,21
141.211.160.111,mcommunity-dev.umich.edu,1,0,21
141.216.10.185,*.umflint.edu,1,0,21
142.54.13.42,bomgar.midlandps.org,1,0,21
198.111.214.26,www.sisd-mcsb-lstbridge1a.sisd.cc,1,0,21
198.110.6.120,www.kettering.edu,1,0,21
141.193.178.204,vm1.stratyxit.com,1,0,21
207.75.134.99,netlab2.wccnet.edu,1,0,21
136.228.36.98,powerschool.benzieschools.net,1,0,21
198.108.220.113,www.copesd.org,1,0,21
141.211.169.5,www.rgw-um.osris.org,1,0,21
141.214.172.194,www.ummsfacultydevelopment.org,1,0,21
141.211.153.74,payments.icpsr.umich.edu,1,0,21
198.111.176.117,www.ezproxy.wccnet.edu,1,0,21
66.219.125.6,account.ccresa.org,1,0,21
153.106.200.180,www.calvin.edu,1,0,21
141.211.229.135,shib-idp-test.www.umich.edu,1,0,21
141.211.4.197,www.studentlife.umich.edu,1,0,21
141.211.160.42,eres-utility.dsc.umich.edu,1,0,21
141.212.190.50,gs.engin.umich.edu,1,0,21
141.211.168.140,apps.lib.umich.edu,1,0,21
141.193.178.211,www.smc.com.sa,1,0,21
141.214.2.62,kiddlabshare.med.umich.edu,1,0,21
141.214.147.9,vplacestst.med.umich.edu,1,0,21
141.216.10.250,vpn.umflint.edu,1,0,21
198.108.220.103,www.copesd.org,1,0,21
198.111.152.226,eotta.ccresa.org,1,0,21
198.109.27.9,www.murphy.law.udmercy.edu,1,0,21
204.38.48.161,www.remc1.net,1,0,21
153.106.200.170,www.calvin.edu,1,0,21
173.225.177.193,www.memorialbracelets.com,1,0,21
141.211.147.142,bam-asb-1.umnet.umich.edu,1,0,21
198.111.162.164,hcdlils.howelllibrary.org,1,0,21
141.211.25.200,zhangweb.med.umich.edu,1,0,21
141.193.178.176,int-fidelity-member.rpmi.co.uk,1,0,21
198.111.164.174,www.farmlib.org,1,0,21
198.108.148.40,www.med.wmich.edu,1,0,21
141.214.2.92,internhealthstudy.med.umich.edu,1,0,21
141.211.182.161,www.lsi.umich.edu,1,0,21
141.211.54.240,www.umich.edu,1,0,21
141.217.21.242,www.proxy2.lib.wayne.edu,1,0,21
198.111.56.10,www.macomb.edu,1,0,21
141.211.61.44,itcdevel.math.lsa.umich.edu,1,0,21
198.111.176.217,banner.wccnet.edu,1,0,21
141.217.0.217,*.research.wayne.edu,1,0,21
198.108.245.245,vpn.brhschools.org,1,0,21
141.214.9.170,d-weblogin.med.umich.edu,1,0,21
141.209.15.168,ls2.cmich.edu,1,0,21
141.211.48.140,opal.wuom.univrel.umich.edu,1,0,21
207.74.75.2,mail.tbchs.org,1,0,21
198.110.199.71,internal.nmu.edu,1,0,21
141.211.7.159,*.dsc.umich.edu,1,0,21
141.218.145.131,wiki.ceas.wmich.edu,1,0,21
198.110.212.124,mybay.baycollege.edu,1,0,21
207.75.164.128,ops.incommon.org,1,0,21
198.110.48.121,www.muskegonisd.org,1,0,21
208.68.25.81,www.remc1.net,1,0,21
198.110.194.4,www-library7.nmu.edu,1,0,21
136.228.36.59,www.tbaisd.k12.mi.us,1,0,21
141.212.113.67,lobster.eecs.umich.edu,1,0,21
141.219.44.34,services.lib.mtu.edu,1,0,21
141.193.178.242,www.rwlogin.com,1,0,21
141.211.182.142,www.lsi.umich.edu,1,0,21
153.106.169.13,pa-vpn-1.calvin.edu,1,0,21
192.138.137.10,www.kettering.edu,1,0,21
141.209.20.164,cmich.edu,1,0,21
141.211.55.56,app.genesforgood.net,1,0,21
141.217.97.21,lis7440.slis.wayne.edu,1,0,21
198.110.48.124,www.muskegonisd.org,1,0,21
141.193.177.135,www.credpay.com.br,1,0,21
141.217.0.75,*.wayne.edu,1,0,21
141.219.106.40,vpn2.mtri.org,1,0,21
141.217.21.93,crsconcore.med.wayne.edu,1,0,21
141.211.212.71,paystage.icpsr.umich.edu,1,0,21
164.76.2.229,www.emich.edu,1,0,21
141.193.178.225,www.patientconnect365.com,1,0,20
141.193.177.131,acc.mijnunivezorg.nl,1,0,20
141.211.217.95,procurement.lsa.umich.edu,1,0,20
141.216.8.26,www.umflint.edu,1,0,20
141.193.177.137,www.works-design.com,1,0,20
141.214.120.140,admin-seqcore.brcf.med.umich.edu,1,0,20
35.8.48.56,pss.psy.msu.edu,1,0,20
153.106.200.181,www.calvin.edu,1,0,20
141.219.64.201,clearpass01.tc.mtu.edu,1,0,20
141.216.10.253,vpn.umflint.edu,1,0,20
67.194.254.186,device6301705-67848bb6.wd2go.com,1,0,20
198.111.163.140,otpl-voice-mivoice.orionlibrary.org,1,0,20
141.211.217.253,mdcreporting.org,1,0,20
198.245.194.133,www.newaygo.net,1,0,20
198.110.192.205,asa5545hedge.nmu.edu,1,0,20
141.212.114.204,dijkstra.eecs.umich.edu,1,0,20
147.124.1.42,www.tpc.edu,1,0,20
198.108.148.16,edc.med.wmich.edu,1,0,20
69.58.32.250,www.swmitech.org,1,0,20
192.122.184.171,a248.e.akamai.net,1,0,20
192.122.184.161,a248.e.akamai.net,1,0,20
141.212.113.134,mibytes.eecs.umich.edu,1,0,20
141.211.55.29,www.genesforgood.com,1,0,20
153.106.200.173,calvin.edu,1,0,20
148.61.30.129,vpn.gvsu.edu,1,0,20
207.74.75.100,micollab.tbchs.org,1,0,20
141.193.177.175,mohegansungolfclub.com,1,0,20
141.193.178.231,www.rwqa.net,1,0,20
141.211.153.14,auth-interstitial.it.umich.edu,1,0,20
141.211.182.150,www.lsi.umich.edu,1,0,20
153.106.200.174,www.calvin.edu,1,0,20
141.214.120.50,medstudents.med.umich.edu,1,0,20
141.211.3.52,www.dsc.umich.edu,1,0,20
173.225.190.161,www.danlawinc.com,1,0,20
141.212.115.91,jira.studio.eecs.umich.edu,1,0,20
141.211.159.202,health.dent.umich.edu,1,0,20
141.211.235.20,alarms.dpss.umich.edu,1,0,20
141.212.104.33,apps.eecs.umich.edu,1,0,20
153.106.206.15,www.calvin.edu,1,0,20
141.211.217.85,ecoach.miserver.it.umich.edu,1,0,20
141.211.124.67,transfer.kecc.sph.umich.edu,1,0,20
141.212.113.225,doeplasma.eecs.umich.edu,1,0,20
198.108.98.21,saturn.monroe.lib.mi.us,1,0,20
141.211.217.210,caen-sw-admin01.adsroot.itcs.umich.edu,1,0,20
207.75.116.197,merit-dnote01.merit.edu,1,0,20
198.110.203.136,umc-media.nmu.edu,1,0,20
192.41.231.42,psumvm02.aglt2.org,1,0,20
141.214.2.72,act-shrine-stage.michr.med.umich.edu,1,0,20
35.9.209.132,*.msufame.msu.edu,1,0,20
141.217.0.148,clearpass4.prod.wayne.edu,1,0,20
141.212.114.179,vienna.eecs.umich.edu,1,0,20
153.106.124.68,hardy.calvin.edu,1,0,20
141.211.168.165,*.dev.lib.umich.edu,1,0,20
141.217.2.33,*.security.wayne.edu,1,0,20
141.211.212.74,dev.icpsr.umich.edu,1,0,20
141.211.55.13,staging-app.genesforgood.org,1,0,20
141.217.42.231,ansible.eng.wayne.edu,1,0,20
173.225.184.142,cp1.managedway.com,1,0,20
198.108.221.106,ps.rayder.org,1,0,20
69.58.49.8,support.otsegops.org,1,0,20
198.108.51.30,www.a2gov.org,1,0,20
198.110.203.36,mkvm2.nmu.edu,1,0,20
141.193.177.154,msstest.nhcgov.com,1,0,20
173.225.189.140,autoknowledge.net,1,0,20
141.211.55.9,share.sph.umich.edu,1,0,20
207.75.158.117,umvpn8.umnet.umich.edu,1,0,20
141.193.178.181,badstore-lab.cudadps.com,1,0,20
141.211.217.212,caen-sw-admin01.adsroot.itcs.umich.edu,1,0,20
141.193.178.249,creasp.credpay.com.br,1,0,20
141.193.178.190,f-landpage-p-1-elastic.olympia.nl,1,0,20
141.212.115.154,autograder.io,1,0,20
141.209.168.31,www.se.cmich.edu,1,0,20
192.109.104.11,www.lakemichigancollege.edu,1,0,20
141.212.113.91,adacenter.org,1,0,20
207.73.213.113,ps.milanareaschools.org,1,0,20
199.242.31.60,www.viewbiquityeg.us,1,0,20
141.212.113.30,chezbetty.store,1,0,20
141.211.4.44,remotesupport-qa.it.umich.edu,1,0,20
207.75.208.119,psstignace.eup.k12.mi.us,1,0,20
207.73.180.8,www.dryden.k12.mi.us,1,0,20
141.218.253.30,govpn.test.wmich.edu,1,0,20
141.211.55.242,classroom.dcmb.med.umich.edu,1,0,20
141.211.4.7,itservices.dsc.umich.edu,1,0,20
141.211.29.100,imputationserver.sph.umich.edu,1,0,20
198.110.145.203,vpn-eu.ltu.edu,1,0,20
161.57.12.1,vpnext.ferris.edu,1,0,20
141.216.10.53,www.umflint.edu,1,0,20
141.212.113.65,lab11.eecs.berkeley.edu,1,0,20
153.106.200.142,www.calvin.edu,1,0,20
69.58.50.137,destiny.waylandunion.org,1,0,20
141.212.114.154,autograder.io,1,0,20
141.214.172.174,staging.umms.med.umich.edu,1,0,20
207.75.164.76,lsa.internet2.edu,1,0,20
141.211.4.55,*.bmc2.org,1,0,20
141.211.7.146,*.dsc.umich.edu,1,0,20
208.68.24.161,www.remc1.net,1,0,20
141.211.217.97,v1.tips4health.org,1,0,20
141.211.21.132,umich.edu,1,0,20
141.211.7.83,rhn.miserver.it.umich.edu,1,0,20
198.108.148.37,med.wmich.edu,1,0,20
141.211.184.11,registry.tools.si.umich.edu,1,0,20
141.213.3.66,www.openwireless2020.eecs.umich.edu,1,0,20
141.211.5.17,mygoutcare.org,1,0,19
141.193.178.131,www.suddath.com,1,0,19
141.193.178.124,unions.manpower.gov.eg,1,0,19
141.193.177.203,www.iansresearch.com,1,0,19
69.58.50.71,powerschool.hpsvikings.org,1,0,19
141.211.3.60,www.dsc.umich.edu,1,0,19
207.75.164.160,service5.internet2.edu,1,0,19
141.209.28.109,www.techops.cmich.edu,1,0,19
142.54.12.17,mcesa-mcsb-lsfilter1a.mcesa.k12.mi.us,1,0,19
141.211.159.213,mitools.dent.umich.edu,1,0,19
173.225.183.162,device7176297-c5a4afeb.wd2go.com,1,0,19
141.211.4.145,status.its.umflint.edu,1,0,19
141.211.4.46,remotesupport.ath.umich.edu,1,0,19
141.193.177.178,api2.gtv.com.pl,1,0,19
141.211.3.64,www.dsc.umich.edu,1,0,19
173.225.184.158,managedway.com,1,0,19
141.211.55.14,csgsites.sph.umich.edu,1,0,19
141.214.16.93,saber.med.umich.edu,1,0,19
198.109.24.71,www.udmercy.edu,1,0,19
141.211.55.38,dev-kevinwli-admin.genesforgood.org,1,0,19
208.68.25.14,www.remc1.net,1,0,19
141.193.178.236,waf20.krauzo.pl,1,0,19
141.193.178.208,hritn.itoen.co.jp,1,0,19
153.106.200.171,www.calvin.edu,1,0,19
136.228.56.140,www.glcomets.net,1,0,19
198.108.148.239,portal.aircare.org,1,0,19
141.211.182.79,www.lsi.umich.edu,1,0,19
204.38.22.36,www.bssbtest.nmu.edu,1,0,19
164.76.158.214,www.emich.edu,1,0,19
141.212.115.79,autograder.io,1,0,19
141.193.177.101,www.gasupreme.us,1,0,19
141.193.178.147,www.rwqa.net,1,0,19
141.216.4.70,www.umflint.edu,1,0,19
141.210.2.14,www.oakland.edu,1,0,19
207.75.82.58,vpn.baycollege.edu,1,0,19
141.193.178.226,www.intellisoftgroup.com,1,0,19
141.211.3.38,its-mgiststweb.dsc.umich.edu,1,0,19
141.211.4.149,cyv.miserver.it.umich.edu,1,0,19
141.211.211.81,lsa-bomgar.lsa.umich.edu,1,0,19
198.108.199.116,www.ssbxe.nmc.edu,1,0,19
198.111.176.57,powerschool.wccnet.edu,1,0,19
141.193.178.182,portal.credpay.com.br,1,0,19
198.109.240.111,powerschool.berrienresa.org,1,0,19
141.216.10.81,www.libproxy-test.umflint.edu,1,0,19
141.211.3.27,www.careers.umich.edu,1,0,19
173.225.184.147,cp1.managedway.com,1,0,19
198.108.218.95,ica.elastic.tadl.org,1,0,19
141.211.160.19,www.dsc.umich.edu,1,0,19
141.211.54.244,*.dsc.umich.edu,1,0,19
141.217.20.120,*.proxy.lib.wayne.edu,1,0,19
198.108.220.123,www.copesd.org,1,0,19
141.214.9.166,mioc-test.med.umich.edu,1,0,19
141.213.254.32,bam-cool-1.umnet.umich.edu,1,0,19
141.211.55.24,csg.sph.umich.edu,1,0,19
204.38.5.12,phraglut.mtri.org,1,0,19
163.253.36.230,www.deepfield.net,1,0,19
141.211.168.177,www.quod.lib.umich.edu,1,0,19
141.218.121.114,literaryworlds.coas.wmich.edu,1,0,19
153.106.206.11,getconnected.calvin.edu,1,0,19
141.218.20.147,itdirect.wmich.edu,1,0,19
164.76.7.126,www.emich.edu,1,0,19
207.73.186.2,remote.gennet.us,1,0,19
173.225.176.184,managedway.com,1,0,19
141.212.114.222,grader484.eecs.umich.edu,1,0,19
141.214.2.31,rrndb.umms.med.umich.edu,1,0,19
141.209.16.212,vpn2.cmich.edu,1,0,19
198.110.48.189,*.muskegonisd.org,1,0,19
141.212.113.46,mipse.umich.edu,1,0,19
141.211.55.39,portaldev.sph.umich.edu,1,0,19
141.211.28.217,smtd-scheduling.miserver.it.umich.edu,1,0,19
153.106.195.26,water.cs.calvin.edu,1,0,19
153.106.253.85,jobe.calvin.edu,1,0,19
153.106.194.69,borg-head1.calvin.edu,1,0,19
141.211.217.8,www.miseagrant.umich.edu,1,0,19
148.61.6.55,eis-test.gvsu.edu,1,0,19
141.193.179.101,lqacltest.lqgroup.org.uk,1,0,19
141.211.212.73,staging.icpsr.umich.edu,1,0,19
141.216.10.166,*.umflint.edu,1,0,19
141.213.3.29,eecs280.org,1,0,19
141.211.217.101,saferteens.org,1,0,19
66.202.198.92,taxhelp.davenport.edu,1,0,19
141.217.20.252,*.med.wayne.edu,1,0,19
141.214.16.92,www.umms.med.umich.edu,1,0,19
66.202.198.73,bnadm01.davenport.edu,1,0,19
153.106.124.134,www.lib-proxy.calvin.edu,1,0,19
141.193.178.166,api.athena.otp.vgz.nl,1,0,19
208.68.24.157,www.remc1.net,1,0,19
141.216.10.87,password.flint.umich.edu,1,0,19
141.193.177.136,airpark.one,1,0,19
207.73.217.21,rgw-msu.osris.org,1,0,19
141.216.10.72,mgagement.umflint.edu,1,0,19
141.211.55.37,genome.sph.umich.edu,1,0,19
141.214.120.18,neurodegenerate.med.umich.edu,1,0,19
207.73.7.25,vpn.norcocmh.org,1,0,19
207.75.164.127,wayf.incommonfederation.org,1,0,19
136.228.36.46,www.tbaisd.k12.mi.us,1,0,19
141.193.178.228,ws-dev.shiseidoamericas.com,1,0,19
141.193.178.248,kms.ssica.com,1,0,19
207.74.117.90,www.mccezproxy.palnet.info,1,0,19
141.214.9.155,redcaptraining.umms.med.umich.edu,1,0,19
141.211.4.12,remotesupport.it.umich.edu,1,0,19
141.193.178.160,timeforce.mcaneny.biz,1,0,19
141.214.186.77,pritzkerneuropsych.org,1,0,19
141.217.20.79,cfpca-webcheckout.finearts.wayne.edu,1,0,19
198.111.176.102,webapps.wccnet.edu,1,0,19
141.193.178.241,billing.jocarroll.com,1,0,19
141.193.177.109,webapps.missoulacounty.us,1,0,19
153.106.195.20,students.cs.calvin.edu,1,0,19
141.213.152.70,msetup.its.umich.edu,1,0,19
141.193.177.148,www.mooreheadcomm.com,1,0,19
141.193.178.213,waf4.krauzo.pl,1,0,19
207.73.213.106,ps.dexterschools.org,1,0,19
141.211.4.141,rackirtestserver.miserver.it.umich.edu,1,0,19
141.214.172.205,vidyo-gateway.umms.med.umich.edu,1,0,19
141.219.100.10,src2.tc.mtu.edu,1,0,19
161.57.12.6,vpnext.ferris.edu,1,0,19
141.211.229.164,duckula.dsc.umich.edu,1,0,19
198.108.218.118,www.via.tadl.org,1,0,19
141.214.2.91,internhealthstudy-qa.med.umich.edu,1,0,19
141.211.4.109,rackirprod-ns.miserver.it.umich.edu,1,0,19
66.219.122.6,www.ps.ashleyschools.net,1,0,19
69.58.58.153,www.vbisd.org,1,0,19
147.124.11.151,campus.albion.edu,1,0,19
141.210.2.12,www.oakland.edu,1,0,19
206.57.225.9,mbg.gibdist.org,1,0,19
141.216.10.57,www.umflint.edu,1,0,19
141.211.217.132,www.policymaker.ai.umich.edu,1,0,19
141.193.178.194,kibana-landingpages.olympia.nl,1,0,19
141.214.9.156,mioc.med.umich.edu,1,0,19
198.111.176.72,blackboard.wccnet.edu,1,0,19
141.214.120.39,www.derm.med.umich.edu,1,0,19
141.193.178.230,www.rwqa.net,1,0,18
141.211.4.241,whe01-failover.lsa.umich.edu,1,0,18
69.58.39.3,www.parchment.k12.mi.us,1,0,18
173.225.177.200,www.mediag.com,1,0,18
141.211.168.185,blog.press.umich.edu,1,0,18
208.68.25.60,www.remc1.net,1,0,18
141.212.115.152,autograder.io,1,0,18
141.217.21.250,www.openjericho.com,1,0,18
141.211.186.143,azresearch.sites.uofmhosting.net,1,0,18
141.217.0.118,*.wayne.edu,1,0,18
198.110.194.2,voyager.nmu.edu,1,0,18
141.193.178.185,progress.sketchle.com,1,0,18
141.211.235.34,proxy.police.umich.edu,1,0,18
141.211.217.171,storytelling4empowerment.org,1,0,18
141.211.202.153,si.umich.edu,1,0,18
141.193.178.203,www.mhddemo.com,1,0,18
141.211.32.202,ssl.isr.umich.edu,1,0,18
69.58.42.73,www.kpl.gov,1,0,18
141.211.4.224,proxy.lib.umich.edu,1,0,18
141.216.10.192,www.umflint.edu,1,0,18
141.218.143.80,clubsecrets.cs.wmich.edu,1,0,18
198.110.48.194,*.muskegonisd.org,1,0,18
141.211.55.22,t2d-genes.sph.umich.edu,1,0,18
141.211.21.140,shibboleth.umich.edu,1,0,18
141.212.113.146,ece.umich.edu,1,0,18
141.211.21.145,shibboleth.umich.edu,1,0,18
141.213.3.31,eecs485.org,1,0,18
141.214.2.170,afibmobile.med.umich.edu,1,0,18
198.111.152.200,*.edzone.net,1,0,18
141.211.33.82,rsdprogram.si.isr.umich.edu,1,0,18
141.216.78.40,*.libproxy.umflint.edu,1,0,18
141.211.217.207,appsanywhere.engin.umich.edu,1,0,18
208.68.26.3,www.remc1.net,1,0,18
208.68.24.145,www.remc1.net,1,0,18
141.219.106.10,vpn.wmtu.mtu.edu,1,0,18
141.217.0.154,www.ad.wayne.edu,1,0,18
173.225.184.143,cp1.managedway.com,1,0,18
141.211.217.220,problem-roulette.miserver.it.umich.edu,1,0,18
136.228.56.126,firewall.charlottenet.org,1,0,18
192.153.163.31,networkaccess.mcc.edu,1,0,18
141.217.172.45,projects.lib.wayne.edu,1,0,18
198.110.48.191,*.muskegonisd.org,1,0,18
206.57.234.21,www.livoniapublicschools.org,1,0,18
69.58.58.249,www.vbisd.org,1,0,18
141.211.182.247,ccg.lsi.umich.edu,1,0,18
198.110.48.183,*.muskegonisd.org,1,0,18
141.212.113.14,progress.eecs.umich.edu,1,0,18
136.228.35.105,www.westottawa.net,1,0,18
141.211.168.174,quod.lib.umich.edu,1,0,18
141.211.7.145,www-personal.umich.edu,1,0,18
141.217.0.40,www.prod.wayne.edu,1,0,18
198.111.152.221,miconnections.com,1,0,18
141.193.177.174,newsroom.mohegansunpocono.com,1,0,18
141.211.28.52,secure.onsp.umich.edu,1,0,18
69.58.39.4,www.parchment.k12.mi.us,1,0,18
141.193.177.126,acc.mijn.vgz.nl,1,0,18
141.214.120.23,shiny.med.umich.edu,1,0,18
164.76.2.211,www.emich.edu,1,0,18
207.190.191.187,expe.lisd.us,1,0,18
141.211.3.72,www.dsc.umich.edu,1,0,18
141.216.3.112,www.umflint.edu,1,0,18
141.217.0.183,*.wayne.edu,1,0,18
141.211.4.127,healthyminds.miserver.it.umich.edu,1,0,18
141.217.0.156,*.wayne.edu,1,0,18
141.209.20.166,Expressway-E-3.cmich.edu,1,0,18
141.211.3.46,www.dsc.umich.edu,1,0,18
204.38.89.154,ps.laingsburg.k12.mi.us,1,0,18
64.113.59.77,www.tenfore.net,1,0,18
141.211.160.127,software.its.umich.edu,1,0,18
141.211.33.83,ciditrain.isr.umich.edu,1,0,18
141.213.11.46,x3313c.eecs.umich.edu,1,0,18
141.219.171.153,krogel-vpn.sabu.mtu.edu,1,0,18
141.218.158.131,support.eup.wmich.edu,1,0,18
153.106.200.45,www.calvin.edu,1,0,18
141.193.177.218,www.qa1.io,1,0,18
141.211.7.160,*.dsc.umich.edu,1,0,18
206.57.232.232,mbg.huronschools.org,1,0,18
153.106.200.182,www.calvin.edu,1,0,18
198.110.199.70,internal.nmu.edu,1,0,18
153.106.200.160,www.calvin.edu,1,0,18
141.211.3.42,www.dsc.umich.edu,1,0,18
204.38.89.192,ps-training.sresd.org,1,0,18
141.193.178.235,waf19.krauzo.pl,1,0,18
141.214.159.164,ravpn2.med.umich.edu,1,0,18
141.218.143.20,*.cs.wmich.edu,1,0,18
141.214.252.34,datadirect.mpog.org,1,0,18
141.217.24.30,VISC1.myqnapcloud.com,1,0,18
141.211.5.101,*.studentlife.umich.edu,1,0,18
173.225.184.132,sb2.demmaps.org,1,0,18
141.212.113.69,dbseer.org,1,0,18
141.211.4.215,whereigoapp.org,1,0,18
141.211.79.148,www2.bus.umich.edu,1,0,18
141.211.29.109,perfsonar-sphrack-macc.umnet.umich.edu,1,0,18
141.211.28.87,www.dsc.umich.edu,1,0,18
148.61.6.121,intranet.gvsu.edu,1,0,18
141.215.16.4,www.wizard.umd.umich.edu,1,0,18
173.225.177.222,www.mediag.com,1,0,18
141.212.114.32,armweb.eecs.umich.edu,1,0,18
153.106.195.29,iot.cs.calvin.edu,1,0,18
141.213.154.84,fw-dent.umnet.umich.edu,1,0,18
141.217.0.177,*.wayne.edu,1,0,18
141.193.177.114,www.ripleys.com,1,0,18
141.211.217.71,kb.lsa.umich.edu,1,0,18
141.211.182.250,ccg.lsi.umich.edu,1,0,18
141.211.186.147,mptcq.sites.uofmhosting.net,1,0,18
207.72.6.57,www.altarum.org,1,0,18
35.9.51.48,recycle.msu.edu,1,0,18
198.110.48.193,*.muskegonisd.org,1,0,18
141.212.113.214,web.eecs.umich.edu,1,0,18
141.193.177.124,tst.mijnzekurzorg.nl,1,0,18
141.217.198.48,learningspace.med.wayne.edu,1,0,18
141.193.177.236,orleanstower.com,1,0,18
141.211.194.30,cgs.fo.umich.edu,1,0,18
198.110.206.44,mail2.nmu.edu,1,0,18
207.74.55.113,visit.muskegonsheriff.com,1,0,18
173.225.177.225,www.mediag.com,1,0,18
141.193.178.223,waf14.krauzo.pl,1,0,18
141.214.2.107,roadmap.med.umich.edu,1,0,18
141.212.113.155,spqr.eecs.umich.edu,1,0,18
141.214.9.172,weblogin.med.umich.edu,1,0,18
164.76.158.222,libintra.emich.edu,1,0,18
141.211.186.135,www.uofmhosting.net,1,0,18
141.214.120.141,client-seqcore.brcf.med.umich.edu,1,0,18
69.58.32.253,www.swmitech.org,1,0,18
198.111.152.225,www.ccresa.org,1,0,18
141.211.184.32,www.si.umich.edu,1,0,18
198.110.48.206,www.muskegonisd.org,1,0,18
164.76.158.176,www.emich.edu,1,0,18
141.211.229.175,shib-sp-test.www.umich.edu,1,0,18
161.57.100.1,vpnext.ferris.edu,1,0,18
141.193.178.106,ms-aicc-val.healthsafetyinstitute.com,1,0,18
141.211.229.101,idp-mcomm-dev.dsc.umich.edu,1,0,18
141.214.9.165,openclinica-test.med.umich.edu,1,0,18
141.193.178.199,laligatest.denario.es,1,0,18
198.245.194.108,ee01.whitecloud.net,1,0,18
141.214.9.151,redcapdev.med.umich.edu,1,0,18
141.211.3.56,www.dsc.umich.edu,1,0,18
141.211.4.121,www.studentlife.umich.edu,1,0,18
136.228.56.138,www.glcomets.net,1,0,17
141.211.159.201,mitools.dent.umich.edu,1,0,17
141.211.3.78,www.dsc.umich.edu,1,0,17
204.38.88.154,ps.ovidelsie.org,1,0,17
173.225.184.146,cp1.managedway.com,1,0,17
141.219.65.45,sat6test.it.mtu.edu,1,0,17
141.217.0.199,www.wayne.edu,1,0,17
141.211.55.6,gvt.sph.umich.edu,1,0,17
141.217.156.6,vpn.wayne.edu,1,0,17
153.106.169.12,calvin.edu,1,0,17
141.211.55.46,phab.sph.umich.edu,1,0,17
173.225.177.120,www.pbsworks.co.kr,1,0,17
198.108.218.99,history.tadl.org,1,0,17
141.219.84.61,portal1-geo.sabu.mtu.edu,1,0,17
141.211.79.146,michross-alpha.bus.umich.edu,1,0,17
198.111.214.22,sisd-tc-lspolicy2a.sisd.cc,1,0,17
141.213.3.74,birds.eecs.umich.edu,1,0,17
136.228.38.44,ps.webbervilleschools.org,1,0,17
198.109.24.40,www.udmercy.edu,1,0,17
164.76.7.54,www.emich.edu,1,0,17
141.214.159.65,ravpn.med.umich.edu,1,0,17
141.193.177.225,chatovertake-at.ota.chatbot.vgz.nl,1,0,17
173.225.189.142,autoknowledge.net,1,0,17
173.225.177.194,www.mediag.com,1,0,17
141.210.164.135,www.oakland.edu,1,0,17
141.211.3.7,*.dsc.umich.edu,1,0,17
141.211.54.181,shibboleth.umich.edu,1,0,17
141.211.94.208,www2.bus.umich.edu,1,0,17
206.57.162.50,micollab.fowlervilleschools.org,1,0,17
141.193.178.229,www.rwqa.net,1,0,17
66.202.198.77,bnssb04.davenport.edu,1,0,17
198.108.221.111,powerschool.cma.edu,1,0,17
198.110.57.6,lightspeed.ravennaschools.org,1,0,17
207.73.7.26,vpn.norcocmh.org,1,0,17
207.73.128.2,voffice2.wccnet.edu,1,0,17
66.202.198.69,www.davenport.edu,1,0,17
141.209.28.76,www.techops.cmich.edu,1,0,17
141.214.24.161,whoville.chcr.med.umich.edu,1,0,17
198.111.152.227,mibabyandus.com,1,0,17
69.58.58.130,www.vbisd.org,1,0,17
141.212.115.76,autograder.io,1,0,17
141.214.4.19,upload.kpmp.org,1,0,17
198.110.48.190,*.muskegonisd.org,1,0,17
141.217.0.166,www.wayne.edu,1,0,17
136.228.38.4,www.inghamisd.org,1,0,17
141.211.4.181,missionstrong.org,1,0,17
141.211.186.146,web56test.sites.uofmhosting.net,1,0,17
141.211.7.174,weblogin-dev.dsc.umich.edu,1,0,17
207.73.184.13,mail.gbcs.org,1,0,17
141.193.178.221,waf12.krauzo.pl,1,0,17
192.153.163.79,www.mcc.edu,1,0,17
141.193.178.243,www.revenuewell.com,1,0,17
141.214.199.107,apigw-tst.it.umich.edu,1,0,17
164.76.158.8,list.emich.edu,1,0,17
141.209.15.49,car54.cmich.edu,1,0,17
207.74.89.103,ps.shepherdschools.net,1,0,17
141.211.3.81,www.dsc.umich.edu,1,0,17
207.75.161.12,catalog.tln.lib.mi.us,1,0,17
198.109.227.133,sapspschool.mc-isd.org,1,0,17
153.106.200.175,www.calvin.edu,1,0,17
141.214.120.22,mothur.org,1,0,17
141.218.1.78,homepages.wmich.edu,1,0,17
198.110.200.65,franklin.nmu.edu,1,0,17
141.211.217.49,scheduling.music.umich.edu,1,0,17
141.211.28.136,weblogin-test.itcs.umich.edu,1,0,17
136.228.45.212,www.manistee.org,1,0,17
141.193.177.170,promotion.mohegansun.com,1,0,17
141.214.120.17,boylelab.med.umich.edu,1,0,17
141.211.4.23,miworkspace-apps.it.umich.edu,1,0,17
141.214.172.192,intmedcmeregister.org,1,0,17
204.38.89.153,ps.durand.k12.mi.us,1,0,17
142.54.11.195,pbx.bscs.mercury.net,1,0,17
207.190.161.40,www.adrian.k12.mi.us,1,0,17
141.212.110.51,zidane.eecs.umich.edu,1,0,17
141.212.113.216,vision.eecs.umich.edu,1,0,17
141.217.0.99,www.prod.wayne.edu,1,0,17
153.106.200.183,www.calvin.edu,1,0,17
153.106.200.20,analytics.calvin.edu,1,0,17
141.216.10.3,*.umflint.edu,1,0,17
141.211.94.175,michross-alpha.bus.umich.edu,1,0,17
141.219.171.155,krogel-linux.sabu.mtu.edu,1,0,17
141.211.186.144,alumni.sites.uofmhosting.net,1,0,17
204.39.94.29,dearbornschools.org,1,0,17
141.212.115.207,maverick.eecs.umich.edu,1,0,17
141.214.172.254,www.mihealthyway.org,1,0,17
192.41.231.207,op.aglt2.org,1,0,17
141.193.177.145,www.ecellularconnection.com,1,0,17
136.228.36.51,www.tbaisd.org,1,0,17
141.213.3.46,bigdata1.eecs.umich.edu,1,0,17
141.217.1.240,access.ad.wayne.edu,1,0,17
66.202.198.90,www.davenport.edu,1,0,17
141.212.115.132,eecs312.eecs.umich.edu,1,0,17
192.41.231.45,psumvm01.aglt2.org,1,0,17
141.211.3.36,www.dsc.umich.edu,1,0,17
198.111.57.99,*.macomb.edu,1,0,17
141.211.54.235,www.umich.edu,1,0,17
35.8.12.170,webhosting4.itservices.msu.edu,1,0,17
141.211.217.206,aadt-estimate.umtri.umich.edu,1,0,17
153.106.116.7,atlas.cs.calvin.edu,1,0,17
141.214.11.48,webschedulerqa.med.umich.edu,1,0,17
207.74.195.200,luna.collegeforcreativestudies.edu,1,0,17
141.212.115.162,autograder.io,1,0,17
141.214.174.69,btm.med.umich.edu,1,0,17
141.211.7.153,www.dsc.umich.edu,1,0,17
141.211.3.70,www.dsc.umich.edu,1,0,17
141.211.3.40,mgis.med.umich.edu,1,0,17
141.211.3.31,www.dsc.umich.edu,1,0,17
198.109.227.18,www.glenoaks.edu,1,0,17
141.211.7.202,weblogin-test.itcs.umich.edu,1,0,17
141.211.182.100,www.lsi.umich.edu,1,0,17
198.111.152.219,michiganpreschool.org,1,0,17
66.202.198.82,ssomanager.davenport.edu,1,0,17
207.74.195.43,mail.collegeforcreativestudies.edu,1,0,17
136.228.36.63,www.tbaisd.k12.mi.us,1,0,17
141.193.178.250,s178250.cudadps.com,1,0,17
141.217.20.40,digital.library.wayne.edu,1,0,17
198.140.228.80,www.midmichigan.net,1,0,17
141.219.106.96,vpn-mgmt.it.mtu.edu,1,0,17
141.211.4.206,myginutrition.com,1,0,17
141.211.3.4,*.dsc.umich.edu,1,0,17
192.153.163.73,www.mcc.edu,1,0,17
141.219.60.80,sys.bio.mtu.edu,1,0,17
173.225.177.223,www.mediag.com,1,0,17
136.228.36.129,www.tcaps.net,1,0,17
141.212.113.97,wiki2.eecs.umich.edu,1,0,17
173.225.177.153,www.altairhyperworks.com.cn,1,0,17
141.193.177.164,www.techcu.com,1,0,17
198.111.152.210,www.edzone.net,1,0,17
141.193.179.100,dev.vcm.com,1,0,17
141.213.3.182,bookalive.io,1,0,17
141.214.2.47,lifegoalstest.med.umich.edu,1,0,17
204.38.89.104,ps.corunna.k12.mi.us,1,0,17
141.211.217.218,askbrida.org,1,0,17
198.108.199.45,www.nmc.edu,1,0,17
141.211.7.164,ath.umich.edu,1,0,17
141.211.217.55,homefrontstrong.org,1,0,17
141.217.156.3,vpn.med.wayne.edu,1,0,17
141.193.178.191,ssicatest.ssica.com,1,0,17
198.109.24.82,www.udmercy.edu,1,0,17
141.214.9.179,d-idm.med.umich.edu,1,0,17
66.219.112.4,www.gms.cgresd.net,1,0,17
173.225.191.165,aeroembedded.com,1,0,17
141.211.21.157,weblogin.umich.edu,1,0,17
141.193.178.214,waf5.krauzo.pl,1,0,17
173.225.184.214,managedway.com,1,0,17
204.39.195.30,www.rgw-msu.osris.org,1,0,17
141.211.32.18,blue.sca.isr.umich.edu,1,0,17
66.219.123.67,ps.renaissancepsa.com,1,0,17
141.211.4.219,ai-data.miserver.it.umich.edu,1,0,17
136.228.45.211,www.manistee.org,1,0,17
141.212.104.194,wiki.eecs.umich.edu,1,0,17
198.109.24.20,www.udmercy.edu,1,0,17
136.228.36.57,www.tbaisd.k12.mi.us,1,0,17
153.106.195.22,graylog.cs.calvin.edu,1,0,16
141.211.3.49,www.dsc.umich.edu,1,0,16
173.225.189.141,autoknowledge.net,1,0,16
136.228.39.25,www.elps.us,1,0,16
198.109.240.128,www.psdowagiac.berrienresa.org,1,0,16
141.211.226.248,snootles.dsc.umich.edu,1,0,16
141.219.64.200,clearpass02.tc.mtu.edu,1,0,16
198.110.200.225,mynmu.nmu.edu,1,0,16
141.215.68.45,degreeaudit.umd.umich.edu,1,0,16
198.245.194.230,www.ncresa.org,1,0,16
198.110.206.16,educat.nmu.edu,1,0,16
141.211.4.214,www.mbandmember.com,1,0,16
207.73.213.115,ps.wlps.net,1,0,16
136.228.36.60,www.tbaisd.k12.mi.us,1,0,16
141.217.156.2,vpn.wayne.edu,1,0,16
141.217.0.161,waynegeist.ad.wayne.edu,1,0,16
163.253.36.232,www.deepfield.net,1,0,16
198.108.220.112,copesd.org,1,0,16
207.75.164.123,service1.internet2.edu,1,0,16
198.111.152.211,www.1800earlyon.org,1,0,16
141.193.178.218,waf9.krauzo.pl,1,0,16
136.228.56.133,www.glcomets.net,1,0,16
141.217.1.180,www.apps.wayne.edu,1,0,16
141.211.61.94,prep.math.lsa.umich.edu,1,0,16
141.211.32.89,totscore.isr.umich.edu,1,0,16
141.211.4.244,whe02-failover.lsa.umich.edu,1,0,16
141.193.178.183,gateway.credpay.com.br,1,0,16
141.211.4.221,repo.miserver.it.umich.edu,1,0,16
198.111.214.21,sisd-tc-lspolicy1a.sisd.cc,1,0,16
173.225.188.169,www.addvantagetech.com,1,0,16
141.211.235.14,www.police.umich.edu,1,0,16
66.202.198.75,bnssb02.davenport.edu,1,0,16
141.217.0.150,*.cc.wayne.edu,1,0,16
141.211.217.164,alertus.umflint.edu,1,0,16
207.73.217.14,msu-elk.osris.org,1,0,16
141.215.60.34,lamp.cob.umd.umich.edu,1,0,16
136.228.54.5,www.geneseeisd.org,1,0,16
198.110.48.182,*.muskegonisd.org,1,0,16
207.190.191.122,lisd-ucm1-ms.lisd.us,1,0,16
141.218.21.72,WFTS0.wmupd.wmich.edu,1,0,16
136.228.45.220,www.manistee.org,1,0,16
153.106.194.70,borg-head2.calvin.edu,1,0,16
141.193.177.220,tnm.jcoffey.co.uk,1,0,16
64.49.123.208,www.egrps.org,1,0,16
141.214.9.163,openclinica-st.med.umich.edu,1,0,16
141.193.177.215,nvmonlinebieden.acc.nvm.nl,1,0,16
136.228.45.214,www.manistee.org,1,0,16
153.106.253.84,pdcbook.calvin.edu,1,0,16
141.212.113.162,sabine.eecs.umich.edu,1,0,16
142.54.12.19,mcesa-tc-lsfilter1a.mcesa.k12.mi.us,1,0,16
141.211.94.207,www2-uat.bus.umich.edu,1,0,16
141.214.2.60,bfxgateway.med.umich.edu,1,0,16
141.212.113.117,emoncms.lab11.eecs.umich.edu,1,0,16
141.209.164.49,galaxy.phy.cmich.edu,1,0,16
207.75.208.142,www.eupschools.org,1,0,16
141.193.178.224,www.rwqa.net,1,0,16
141.211.217.254,dev.mdcreporting.org,1,0,16
198.111.164.132,www.farmlib.org,1,0,16
141.211.218.125,access.activestep.org,1,0,16
198.109.24.222,www.udmercy.edu,1,0,16
141.211.7.150,www-personal.umich.edu,1,0,16
161.57.100.6,vpnext.ferris.edu,1,0,16
141.211.4.250,ath-dev.miserver.it.umich.edu,1,0,16
198.108.174.55,www.pacs.wmcc.org,1,0,16
198.110.194.34,www-library3.nmu.edu,1,0,16
141.211.94.176,michross-uat.bus.umich.edu,1,0,16
198.108.148.38,www.med.wmich.edu,1,0,16
204.38.39.132,www.sisd-vpn-01.sisd.cc,1,0,16
141.193.177.143,www.mooreheadcomm.com,1,0,16
141.211.3.45,www.dsc.umich.edu,1,0,16
141.211.3.14,www.dsc.umich.edu,1,0,16
163.253.36.236,www.deepfield.net,1,0,16
35.9.71.125,www.aglt2.org,1,0,16
141.211.217.183,smtd-dev2.miserver.it.umich.edu,1,0,16
141.193.178.122,lqconnect.lqgroup.org.uk,1,0,16
50.227.122.254,vpn.monroemi.org,1,0,16
141.214.120.67,michr-demo01.med.umich.edu,1,0,16
198.109.219.253,www.ezproxy.myjdl.com,1,0,16
141.211.229.18,idp-mcomm-qa.dsc.umich.edu,1,0,16
141.211.94.206,www2-dev.bus.umich.edu,1,0,16
141.214.65.163,velos.med.umich.edu,1,0,16
141.193.177.132,acc.mijnzekurzorg.nl,1,0,16
141.193.177.150,jira.olympia.nl,1,0,16
141.211.4.154,visiting-scholars.lsa.umich.edu,1,0,16
141.209.175.12,www.se.cmich.edu,1,0,16
141.193.177.133,acc.mijnzorgzaam.nl,1,0,16
208.68.25.129,www.remc1.net,1,0,16
198.110.194.23,vtestvm.nmu.edu,1,0,16
198.110.48.180,*.muskegonisd.org,1,0,16
192.41.231.43,psumvm03.aglt2.org,1,0,16
141.211.229.139,shibboleth.umich.edu,1,0,16
141.213.14.217,cone.eecs.umich.edu,1,0,16
69.58.58.190,www.vbisd.org,1,0,16
141.213.3.41,bigdata1.eecs.umich.edu,1,0,16
198.110.194.27,lib.nmu.edu,1,0,16
141.214.120.66,medstudentauxiliary.umms.med.umich.edu,1,0,16
207.190.183.71,www.tps.k12.mi.us,1,0,16
136.228.45.237,www.manistee.org,1,0,16
141.211.3.73,www.dsc.umich.edu,1,0,16
141.211.3.68,www.dsc.umich.edu,1,0,16
192.138.137.139,www.kettering.edu,1,0,16
198.111.176.178,onward.wccnet.edu,1,0,16
207.75.164.43,webdev8.internet2.edu,1,0,16
141.211.28.218,researchid.it.umich.edu,1,0,16
192.108.188.248,projectlog.kbs.msu.edu,1,0,16
173.225.177.195,www.atwaterbeer.com,1,0,16
141.219.81.76,sfw.aerospace.mtu.edu,1,0,16
141.193.177.210,barracuda.mantletesting.co.uk,1,0,16
141.214.65.238,support.med.umich.edu,1,0,16
207.73.253.148,powerschool.icschools.us,1,0,16
136.228.38.3,www.inghamisd.org,1,0,16
141.214.16.54,webscheduler.med.umich.edu,1,0,16
136.228.39.10,www.elps.us,1,0,16
141.193.177.173,newsroom.ilaniresort.com,1,0,15
141.211.168.169,mgetit.lib.umich.edu,1,0,15
207.75.127.104,www.attendanceondemand.com,1,0,15
66.219.122.67,ps.cccschools.org,1,0,15
141.214.186.79,hdrf-dtf.org,1,0,15
141.218.30.136,www.libproxy.library.wmich.edu,1,0,15
141.211.3.15,*.dsc.umich.edu,1,0,15
136.228.36.83,www.ps.frankfort.k12.mi.us,1,0,15
141.218.1.74,redirect.wmich.edu,1,0,15
141.212.114.106,autograder.io,1,0,15
141.211.28.122,www.studentlife.umich.edu,1,0,15
141.212.115.163,autograder.io,1,0,15
141.216.10.6,*.umflint.edu,1,0,15
141.211.3.17,*.dsc.umich.edu,1,0,15
141.211.3.21,*.dsc.umich.edu,1,0,15
141.211.217.247,gallery-tool-dev.ai.umich.edu,1,0,15
141.217.156.82,protect.wayne.edu,1,0,15
141.214.65.178,mlearningreports.med.umich.edu,1,0,15
66.219.112.6,sspr.cgresd.net,1,0,15
136.228.56.130,www.glcomets.net,1,0,15
66.202.198.74,bnssb01.davenport.edu,1,0,15
141.211.186.142,candwint.sites.uofmhosting.net,1,0,15
198.111.214.24,sisd-tc-lstbridge2a.sisd.cc,1,0,15
141.210.164.136,www.oakland.edu,1,0,15
141.211.3.67,www.dsc.umich.edu,1,0,15
198.108.218.114,ica.tadl.net,1,0,15
136.228.37.54,jss.erschools.com,1,0,15
141.219.177.171,cran.mtu.edu,1,0,15
207.73.181.225,powerschool.lapeerschools.org,1,0,15
198.109.24.30,www.udmercy.edu,1,0,15
141.216.5.200,cucfl2.umflint.edu,1,0,15
64.49.113.85,www.csredhawks.org,1,0,15
198.108.150.172,www.willardlibrary.org,1,0,15
198.109.240.108,riverpowerschool.berrienresa.org,1,0,15
204.38.32.121,bas.midlandps.org,1,0,15
141.218.11.115,register.resnet.wmich.edu,1,0,15
141.211.3.66,www.dsc.umich.edu,1,0,15
141.214.16.38,kc-dev.med.umich.edu,1,0,15
35.8.230.27,stt.natsci.msu.edu,1,0,15
69.58.58.252,www.vbisd.org,1,0,15
173.225.177.147,www.mediag.com,1,0,15
141.211.182.49,www.lsi.umich.edu,1,0,15
141.211.3.25,www.dsc.umich.edu,1,0,15
141.193.178.216,waf7.krauzo.pl,1,0,15
136.228.56.146,www.glcomets.net,1,0,15
141.214.9.167,openclinica.med.umich.edu,1,0,15
141.211.4.122,www.studentlife.umich.edu,1,0,15
141.216.4.82,*.umflint.edu,1,0,15
141.212.114.97,autograder.io,1,0,15
207.190.191.121,expc.lisd.us,1,0,15
153.106.206.12,getconnected.calvin.edu,1,0,15
141.211.3.5,*.dsc.umich.edu,1,0,15
136.228.56.143,www.glcomets.net,1,0,15
141.211.54.245,www.dsc.umich.edu,1,0,15
198.110.48.37,mailman.muskegonisd.org,1,0,15
141.211.3.77,www.dsc.umich.edu,1,0,15
207.74.55.118,jury.co.muskegon.mi.us,1,0,15
141.211.3.59,www.dsc.umich.edu,1,0,15
173.225.177.199,robinsonfunds.com,1,0,15
141.193.178.227,www.rwqa.net,1,0,15
164.76.7.114,www.emich.edu,1,0,15
141.211.217.239,www.apps2.phar.umich.edu,1,0,15
198.108.143.178,www.ezaccess.borgess.com,1,0,15
198.111.214.25,www.sisd-mcsb-lspolicy1a.sisd.cc,1,0,15
208.68.25.160,remc1.net,1,0,15
141.212.114.121,g281-3.eecs.umich.edu,1,0,15
141.193.178.240,ms-scormcloudv2-val.healthsafetyinstitute.com,1,0,15
208.68.25.212,www.remc1.net,1,0,15
141.218.144.252,repos.ceas.wmich.edu,1,0,15
198.110.48.184,*.muskegonisd.org,1,0,15
198.108.220.114,www.copesd.org,1,0,15
198.110.48.24,helpdesk.muskegonisd.org,1,0,15
141.193.178.222,waf13.krauzo.pl,1,0,15
141.210.164.139,www.oakland.edu,1,0,15
136.228.45.208,www.manistee.org,1,0,15
141.211.217.181,*.housing.umich.edu,1,0,15
141.211.4.151,*.studentlife.umich.edu,1,0,15
136.228.38.48,www.ps.gowcs.net,1,0,15
141.193.178.219,waf10.krauzo.pl,1,0,15
198.110.199.59,notebook.nmu.edu,1,0,15
141.211.94.177,michiganross.umich.edu,1,0,15
141.211.20.238,www.dsc.umich.edu,1,0,15
136.228.36.179,www.tcaps.net,1,0,15
136.228.56.155,www.glcomets.net,1,0,15
141.211.4.14,mprint-dev.dsc.umich.edu,1,0,15
173.225.191.162,trailtaker.com,1,0,15
141.214.9.144,p-lvl2.med.umich.edu,1,0,15
198.108.220.101,www.copesd.org,1,0,15
207.73.7.5,vpn.norcocmh.org,1,0,15
141.217.20.206,*.wayne.edu,1,0,15
173.225.177.140,domesticuniform.com,1,0,15
136.228.36.55,www.tbaisd.k12.mi.us,1,0,15
141.193.177.171,limosurvey.mohegansun.com,1,0,15
141.193.178.109,hits.sidc.com.sa,1,0,15
206.57.244.23,prtg.southgateschools.com,1,0,15
141.193.177.128,acc.mijn.bewuzt.nl,1,0,15
198.110.48.179,*.muskegonisd.org,1,0,15
141.209.28.86,waitlist.cmich.edu,1,0,15
141.211.217.142,quit.tips4health.org,1,0,15
141.211.3.19,www.dsc.umich.edu,1,0,15
141.211.21.133,umich.edu,1,0,15
141.211.211.217,viperdb.org,1,0,15
207.73.213.112,www.ps.mcs.k12.mi.us,1,0,15
198.111.181.23,vpn.med.umich.edu,1,0,15
141.211.4.120,www.engin.umich.edu,1,0,15
207.73.213.114,ps.wihi.org,1,0,15
136.228.36.72,www.tbaisd.k12.mi.us,1,0,15
141.211.182.207,www.lsi.umich.edu,1,0,15
141.193.177.167,univeat.zorgapp.vgz.nl,1,0,15
141.211.4.160,www.bmc2.org,1,0,15
198.111.176.188,dashapp.wccnet.edu,1,0,15
141.217.8.150,*.cctest.wayne.edu,1,0,15
141.217.1.160,*.wayne.edu,1,0,15
207.75.164.144,www.internet2.edu,1,0,15
141.211.3.69,www.dsc.umich.edu,1,0,15
173.225.177.192,aaa1b.org,1,0,15
141.214.16.52,collabcare.med.umich.edu,1,0,15
141.211.54.178,shibboleth.umich.edu,1,0,15
141.214.147.14,vplaces.med.umich.edu,1,0,15
198.140.228.51,www.midmichigan.net,1,0,14
141.214.120.33,qa.umms.med.umich.edu,1,0,14
153.106.206.10,getconnected.calvin.edu,1,0,14
141.193.177.250,s177250.cudadps.com,1,0,14
208.68.25.150,www.remc1.net,1,0,14
141.211.61.93,instruct.math.lsa.umich.edu,1,0,14
207.75.165.125,wayf.incommonfederation.org,1,0,14
141.217.20.109,crsctrain.med.wayne.edu,1,0,14
148.61.16.161,www.gryouthdata.org,1,0,14
141.211.182.81,www.lsi.umich.edu,1,0,14
141.211.28.114,itscommweb-dev.itd.umich.edu,1,0,14
141.211.33.81,ccb.isr.umich.edu,1,0,14
198.110.48.178,*.muskegonisd.org,1,0,14
198.108.141.254,BMHVIDYOROUTER2.bronsonhg.org,1,0,14
153.106.142.12,www.calvin.edu,1,0,14
141.211.7.195,izzyfile.dsc.umich.edu,1,0,14
141.216.3.108,www.umflint.edu,1,0,14
198.111.176.225,dwapp.wccnet.edu,1,0,14
136.228.36.149,www.tcaps.net,1,0,14
141.218.30.133,www.library.wmich.edu,1,0,14
141.211.4.24,mprint.umich.edu,1,0,14
198.108.148.28,www.med.wmich.edu,1,0,14
207.73.213.110,ps.lincolnk12.org,1,0,14
141.217.20.153,redcap.research.wayne.edu,1,0,14
141.212.113.143,www.cse.umich.edu,1,0,14
141.211.217.231,alertus.dpss.umich.edu,1,0,14
141.214.253.71,test.api.msis.med.umich.edu,1,0,14
141.211.33.80,srotrain.isr.umich.edu,1,0,14
207.72.1.43,www.aaps.k12.mi.us,1,0,14
141.211.55.59,zoellner-lab.sph.umich.edu,1,0,14
206.57.198.101,imobile.northvilleschools.org,1,0,14
198.108.148.36,www.med.wmich.edu,1,0,14
148.61.30.132,vpn.student.gvsu.edu,1,0,14
141.214.120.19,metlims.med.umich.edu,1,0,14
141.214.2.41,miwmp.com,1,0,14
141.212.118.36,alberich.eecs.umich.edu,1,0,14
164.76.158.20,www.emich.edu,1,0,14
141.211.163.253,lrc-tsukemono.lrc.lsa.umich.edu,1,0,14
136.228.36.56,www.tbaisd.k12.mi.us,1,0,14
141.211.212.70,rtmps.icpsr.umich.edu,1,0,14
141.211.182.63,cobalt-dev.lsi.umich.edu,1,0,14
208.68.25.237,www.remc1.net,1,0,14
136.228.36.43,www.tbaisd.k12.mi.us,1,0,14
153.106.8.11,calvin.edu,1,0,14
141.210.164.134,www.oakland.edu,1,0,14
141.211.3.24,www.dsc.umich.edu,1,0,14
136.228.36.77,powerschool.forestarea.org,1,0,14
141.193.177.183,laserfiche.nhcgov.com,1,0,14
153.106.200.44,appsanywhere.calvin.edu,1,0,14
141.211.79.153,michross-uat.bus.umich.edu,1,0,14
141.211.217.108,www.dizztinct.com,1,0,14
198.108.140.119,mychart.med.wmich.edu,1,0,14
136.228.35.181,hollandchristian.org,1,0,14
198.207.201.122,mas.ca.barracudanetworks.com,1,0,14
141.217.156.5,vpn.wayne.edu,1,0,14
141.211.229.121,shib-idp-test.www.umich.edu,1,0,14
141.216.10.2,*.umflint.edu,1,0,14
141.212.114.217,wolverinesoft.org,1,0,14
141.193.177.158,tis.spsp.edu.sa,1,0,14
198.108.220.111,www.copesd.org,1,0,14
141.193.177.181,webeoc.nhcgov.com,1,0,14
141.211.3.76,www.dsc.umich.edu,1,0,14
141.209.20.163,Expressway-E-1.cmich.edu,1,0,14
208.68.24.162,www.remc1.net,1,0,14
141.211.4.146,catsweb.miserver.it.umich.edu,1,0,14
141.211.211.216,mmtsb.org,1,0,14
141.211.3.44,www.dsc.umich.edu,1,0,14
141.215.69.54,webapps.umd.umich.edu,1,0,14
141.212.115.75,autograder.io,1,0,14
153.106.194.110,borg-webmo.calvin.edu,1,0,14
198.110.48.188,*.muskegonisd.org,1,0,14
163.253.36.233,www.deepfield.net,1,0,14
198.110.48.197,*.muskegonisd.org,1,0,14
141.211.28.112,itscommweb.itd.umich.edu,1,0,14
163.253.36.237,www.deepfield.net,1,0,14
141.211.55.40,bravo.sph.umich.edu,1,0,14
141.211.4.123,remotesupport-dev.dsc.umich.edu,1,0,14
141.215.69.68,support.umd.umich.edu,1,0,14
206.57.199.41,netlab.pccsk12.com,1,0,14
141.216.78.178,notify.umflint.edu,1,0,14
141.211.55.28,gcsdev.sph.umich.edu,1,0,14
204.38.22.29,bssbpprd.nmu.edu,1,0,14
143.207.96.181,www.callaim.org,1,0,14
141.210.2.13,www.oakland.edu,1,0,14
141.211.32.201,ssl.isr.umich.edu,1,0,14
163.253.36.30,lists.incommon.org,1,0,14
141.211.217.219,edup.miserver.it.umich.edu,1,0,14
141.193.178.169,chatovertake-co.ota.chatbot.vgz.nl,1,0,14
204.38.0.35,dcsepm-csa.dexterschools.org,1,0,14
141.193.177.152,univepr.zorgapp.vgz.nl,1,0,14
153.106.200.43,www.calvin.edu,1,0,14
198.108.220.122,www.copesd.org,1,0,14
136.228.38.74,ps.lesliek12.net,1,0,14
141.216.10.30,*.umflint.edu,1,0,14
141.211.55.44,csg-dev.sph.umich.edu,1,0,14
141.211.211.219,viperdb.org,1,0,14
207.73.7.12,vpn.norcocmh.org,1,0,14
141.211.217.89,melanomaally.org,1,0,14
148.61.13.133,*.ezproxy.gvsu.edu,1,0,14
35.9.66.226,webmail.lon-capa.org,1,0,14
141.212.115.164,autograder.io,1,0,14
141.193.177.209,www.connectsp.com,1,0,14
141.211.217.103,*.urbanlab.umich.edu,1,0,14
141.193.178.171,www.intellisoftgroup.com,1,0,14
198.111.214.27,sisd-mcsb-lstbridge2a.sisd.cc,1,0,14
207.75.117.181,www.merit.edu,1,0,14
141.214.9.152,mhealth.med.umich.edu,1,0,14
141.193.177.127,acc.mijn.iza.nl,1,0,14
141.193.177.108,www.techcu.com,1,0,14
164.76.158.240,www.emich.edu,1,0,14
141.217.20.236,ep.ovpr.wayne.edu,1,0,14
141.211.28.11,*.dsc.umich.edu,1,0,14
207.74.195.33,policy.collegeforcreativestudies.edu,1,0,14
192.92.13.162,www.aquinas.edu,1,0,14
198.111.176.156,gateway.wccnet.edu,1,0,14
136.228.36.71,www.tbaisd.k12.mi.us,1,0,14
206.57.160.127,www.livingstonesa.org,1,0,13
141.212.113.136,mibytes-mez.eecs.umich.edu,1,0,13
207.73.7.2,vpn.norcocmh.org,1,0,13
141.193.178.232,waf16.krauzo.pl,1,0,13
141.214.9.162,redcapproduction.umms.med.umich.edu,1,0,13
207.190.169.27,www.hudson.k12.mi.us,1,0,13
141.217.1.99,www.bandevl.wayne.edu,1,0,13
141.211.55.32,laser.sph.umich.edu,1,0,13
141.217.21.118,www.med.wayne.edu,1,0,13
198.111.164.72,monitor.cantonpl.org,1,0,13
198.110.192.49,webmail.nmu.edu,1,0,13
198.108.218.120,www.cinemacuriosa.org,1,0,13
141.211.3.6,*.dsc.umich.edu,1,0,13
141.217.21.120,spms.med.wayne.edu,1,0,13
35.8.12.15,qa.cstore.msu.edu,1,0,13
164.76.158.123,www.emich.edu,1,0,13
173.225.177.227,www.mediag.com,1,0,13
192.108.188.184,fluxprep.kbs.msu.edu,1,0,13
207.190.178.21,mps-prtg.monroe.k12.mi.us,1,0,13
141.217.8.159,www.cctest.wayne.edu,1,0,13
207.75.234.40,hillsdale.edu,1,0,13
153.106.194.68,borg.calvin.edu,1,0,13
141.211.217.98,*.housing.umich.edu,1,0,13
153.106.200.148,www.calvin.edu,1,0,13
198.110.200.31,www.watson.nmu.edu,1,0,13
207.74.195.38,idp.collegeforcreativestudies.edu,1,0,13
141.193.177.129,acc.mijn.umczorgverzekering.nl,1,0,13
141.211.32.93,tlescore.isr.umich.edu,1,0,13
69.58.58.247,www.vbisd.org,1,0,13
204.38.48.22,www.diisd.org,1,0,13
141.217.21.35,coeusreports.wayne.edu,1,0,13
141.212.113.212,webmail.eecs.umich.edu,1,0,13
164.76.158.9,www.emich.edu,1,0,13
141.212.118.88,stats.refraction.network,1,0,13
141.214.9.180,d-mhealth.med.umich.edu,1,0,13
141.193.178.177,ms-selfregistration-val.healthsafetyinstitute.com,1,0,13
141.218.155.220,auxe.wmich.edu,1,0,13
69.58.46.30,sjc-micollab.sjcschools.org,1,0,13
141.214.2.106,roadmap-qa.med.umich.edu,1,0,13
64.49.113.40,www.godfrey-lee.org,1,0,13
164.76.158.178,www.emich.edu,1,0,13
141.211.217.244,alertus.dpss.umich.edu,1,0,13
164.76.158.155,www.emich.edu,1,0,13
141.214.172.159,www.crapome.org,1,0,13
207.73.213.104,www.ps.wavewashtenaw.org,1,0,13
153.106.116.30,mathwebwork.cs.calvin.edu,1,0,13
164.76.158.224,www.emich.edu,1,0,13
141.211.253.67,confluence.activestep.org,1,0,13
141.212.114.140,grader2.eecs.umich.edu,1,0,13
207.73.213.89,www.wash.k12.mi.us,1,0,13
141.211.5.124,umphoto-portals.photos.ns.umich.edu,1,0,13
69.58.58.203,www.vbisd.org,1,0,13
141.211.21.148,weblogin-test.itcs.umich.edu,1,0,13
141.211.3.80,www.dsc.umich.edu,1,0,13
207.74.61.88,remote.charlevoixcounty.org,1,0,13
136.228.35.107,www.westottawa.net,1,0,13
66.219.120.68,ps.giresd.net,1,0,13
198.108.199.128,www.proxy.nmc.edu,1,0,13
207.74.209.26,myccs.collegeforcreativestudies.edu,1,0,13
204.38.88.152,ps.bathschools.net,1,0,13
141.209.15.214,www.remotesupport.cmich.edu,1,0,13
198.109.240.104,colomapowerschool.berrienresa.org,1,0,13
136.228.38.197,www.lesliek12.net,1,0,13
207.73.217.19,msu-grafana.osris.org,1,0,13
141.211.20.226,www.dsc.umich.edu,1,0,13
141.211.28.116,lsa-phys-spitz-docdb.miserver.it.umich.edu,1,0,13
141.211.28.225,dent-biopsy.miserver.it.umich.edu,1,0,13
141.214.120.80,askmusic.med.umich.edu,1,0,13
141.214.9.143,p-idm.med.umich.edu,1,0,13
136.228.45.209,www.manistee.org,1,0,13
141.211.55.34,shiny.sph.umich.edu,1,0,13
141.219.64.147,status.it.mtu.edu,1,0,13
141.216.10.46,www.umflint.edu,1,0,13
141.193.177.205,narsdigitalstudio.com,1,0,13
141.214.172.204,vidyo-1.umms.med.umich.edu,1,0,13
141.213.3.36,rscl-grss.org,1,0,13
141.193.178.234,waf18.krauzo.pl,1,0,13
198.108.218.166,ps.boyne.k12.mi.us,1,0,13
141.193.178.237,www.smc.com.sa,1,0,13
141.209.16.247,vpn.cmich.edu,1,0,13
198.111.176.54,jatc669.wccnet.edu,1,0,13
69.58.58.222,www.vbisd.org,1,0,13
141.211.3.84,www.dsc.umich.edu,1,0,13
164.76.158.49,emunixnew.emich.edu,1,0,13
141.211.54.239,umich.edu,1,0,13
141.214.16.53,www.med.umich.edu,1,0,13
141.218.253.20,govpn.wmich.edu,1,0,13
207.73.186.9,remote.gennet.us,1,0,13
198.111.176.116,wcclib.wccnet.edu,1,0,13
153.106.200.140,www.calvin.edu,1,0,13
136.228.54.13,www.geneseeisd.org,1,0,13
141.214.11.47,webscheduler.med.umich.edu,1,0,13
141.211.4.9,itservices-qa.dsc.umich.edu,1,0,13
204.38.88.153,ps.pwschools.org,1,0,13
141.213.154.102,vpn.bus.umich.edu,1,0,13
136.228.35.143,fw.zps.org,1,0,13
141.211.4.8,services.it.umich.edu,1,0,13
141.193.177.121,tst.mijn.umczorgverzekering.nl,1,0,13
141.193.178.188,www.zpentrustee.info,1,0,13
198.108.192.7,vpn.ncmich.edu,1,0,13
141.218.142.103,cae.ceas.wmich.edu,1,0,12
141.212.113.157,egtaonline.eecs.umich.edu,1,0,12
198.109.240.121,pscassopolis.berrienresa.org,1,0,12
141.211.211.9,charmm-dev.org,1,0,12
198.111.176.248,pez.wccnet.edu,1,0,12
141.211.3.62,www.dsc.umich.edu,1,0,12
141.211.3.16,www.dsc.umich.edu,1,0,12
207.74.167.46,sis.gaylordschools.com,1,0,12
35.9.66.227,events.loncapa.org,1,0,12
192.41.231.59,wiki.osris.org,1,0,12
141.214.120.46,datasetcatalog-dev.med.umich.edu,1,0,12
198.109.24.203,www.udmercy.edu,1,0,12
141.212.114.122,g281-1.eecs.umich.edu,1,0,12
141.211.3.47,www.dsc.umich.edu,1,0,12
141.211.4.10,itservices-qa.dsc.umich.edu,1,0,12
204.38.89.151,ps.sresd.org,1,0,12
198.108.199.9,www.nmc.edu,1,0,12
141.212.114.146,ziyang.eecs.umich.edu,1,0,12
141.213.3.38,ieee.eecs.umich.edu,1,0,12
69.58.58.194,www.vbisd.org,1,0,12
69.58.58.251,www.vbisd.org,1,0,12
207.74.117.70,www.kuezproxy.palnet.info,1,0,12
141.215.70.136,itsumvpn.umd.umich.edu,1,0,12
141.211.55.27,app.genesforgood.org,1,0,12
204.38.89.158,ps.perry.k12.mi.us,1,0,12
207.73.213.91,www.wash.k12.mi.us,1,0,12
141.212.114.102,autograder.io,1,0,12
141.211.55.55,gfg-app.sph.umich.edu,1,0,12
198.108.140.170,mobileironvsp.bronsonhg.org,1,0,12
141.211.147.134,bam-macc-2.umnet.umich.edu,1,0,12
141.214.172.223,bpvoice.med.umich.edu,1,0,12
141.211.4.73,www.comm.lsa.umich.edu,1,0,12
66.202.198.62,www.davenport.edu,1,0,12
136.228.38.28,www.waverlycommunityschools.net,1,0,12
141.211.4.29,keeler.miserver.it.umich.edu,1,0,12
141.212.114.138,g281-2.eecs.umich.edu,1,0,12
141.193.178.189,www.zpen.info,1,0,12
198.108.51.92,www.a2gov.org,1,0,12
141.211.55.58,eqtl.pheweb.org,1,0,12
198.110.48.186,*.muskegonisd.org,1,0,12
69.58.50.149,rocket.waylandunion.org,1,0,12
141.211.3.41,www.dsc.umich.edu,1,0,12
198.110.199.68,capsnas.nmu.edu,1,0,12
141.212.113.199,www.eecs.umich.edu,1,0,12
141.214.159.63,corevpn.med.umich.edu,1,0,12
198.108.199.115,www.nmc.edu,1,0,12
173.225.177.196,www.mediag.com,1,0,12
141.211.200.108,agingcenters.org,1,0,12
207.75.164.24,grouperdemo.internet2.edu,1,0,12
141.211.182.235,lsi-sparc-01.lsi.umich.edu,1,0,12
141.211.217.69,art.ai.umich.edu,1,0,12
141.193.177.208,www.iansresearch.com,1,0,12
136.228.56.134,www.glcomets.net,1,0,12
136.228.38.46,www.ps.panthernet.net,1,0,12
141.193.178.217,waf8.krauzo.pl,1,0,12
141.214.120.27,motion.med.umich.edu,1,0,12
141.213.3.185,bookalive.io,1,0,12
141.214.4.23,dev-upload.kpmp.org,1,0,12
141.214.120.21,wecareadvisor.org,1,0,12
136.228.34.42,ps.hamiltonschools.us,1,0,12
207.75.158.116,umvpn8.umnet.umich.edu,1,0,12
204.38.89.149,www.ps.owosso.k12.mi.us,1,0,12
141.211.4.78,online.umich.edu,1,0,12
141.211.217.133,cornichon.lrc.lsa.umich.edu,1,0,12
141.211.28.14,www.dsc.umich.edu,1,0,12
141.212.114.53,cadre.eecs.umich.edu,1,0,12
164.76.158.180,www.emich.edu,1,0,12
141.211.54.243,aaopes.miserver.it.umich.edu,1,0,12
206.57.177.213,www.gpschools.org,1,0,12
141.213.3.186,bookalive.io,1,0,12
192.153.163.74,www.mcc.edu,1,0,12
207.73.7.3,www.vpn.norcocmh.org,1,0,12
141.211.217.121,www.pavetraining.org,1,0,12
141.211.95.9,msetup.its.umich.edu,1,0,12
136.228.37.63,accounts.erschools.com,1,0,12
198.108.51.125,citrix.a2gov.org,1,0,12
141.211.217.81,btp.miserver.it.umich.edu,1,0,12
136.228.54.12,www.geneseeisd.org,1,0,12
141.212.113.145,ecsel.eecs.umich.edu,1,0,12
207.190.163.32,filter.mybedford.us,1,0,12
136.228.36.92,www.tbaisd.k12.mi.us,1,0,12
204.38.48.20,www.diisd.org,1,0,12
198.110.31.14,powerschool.swartzcreek.org,1,0,12
141.211.4.37,remotesupport-dev.dsc.umich.edu,1,0,12
141.211.3.53,www.dsc.umich.edu,1,0,11
198.111.167.171,mbg.ypsilibrary.org,1,0,11
198.108.220.151,www.copesd.org,1,0,11
148.61.6.54,eis.gvsu.edu,1,0,11
198.109.227.132,cnps.mc-isd.org,1,0,11
204.38.88.151,ps.fowlerschools.net,1,0,11
164.76.158.98,www.emich.edu,1,0,11
141.217.0.155,login.wayne.edu,1,0,11
141.211.4.103,caen-monitor.engin.umich.edu,1,0,11
198.108.253.100,mail.deltacountymi.org,1,0,11
141.211.4.163,vrack.miserver.it.umich.edu,1,0,11
206.57.244.133,sub.southgateschools.com,1,0,11
35.9.68.166,web.pa.msu.edu,1,0,11
155.139.3.34,www.khdc1207.dmc.org,1,0,11
198.109.240.110,watervlietpowerschool.berrienresa.org,1,0,11
207.73.7.15,vpn.norcocmh.org,1,0,11
141.211.254.100,walkez.org,1,0,11
64.49.113.128,powerschool.cppschools.com,1,0,11
206.57.234.2,www.livoniapublicschools.org,1,0,11
141.209.28.73,www.techops.cmich.edu,1,0,11
206.57.198.85,support.northvilleschools.org,1,0,11
164.76.7.53,www.emich.edu,1,0,11
141.193.178.209,waf1.krauzo.pl,1,0,11
198.109.240.102,eauclairepowerschool.berrienresa.org,1,0,11
142.54.12.15,mcesa-mcsb-lspolicy1a.mcesa.k12.mi.us,1,0,11
64.49.113.94,powerschool.spartaschools.org,1,0,11
35.9.119.28,backup.create4stem.msu.edu,1,0,11
207.75.186.85,dashboards.midental.org,1,0,11
198.108.51.91,www.a2gov.org,1,0,11
141.211.3.79,www.dsc.umich.edu,1,0,11
141.211.55.12,statgen.sph.umich.edu,1,0,11
141.217.0.208,techsolutions.wayne.edu,1,0,11
69.58.58.250,www.vbisd.org,1,0,11
141.212.114.137,autograder.io,1,0,11
206.57.177.206,www.gpschools.org,1,0,11
207.73.7.11,vpn.norcocmh.org,1,0,11
136.228.38.63,www.inghamisd.org,1,0,11
208.68.25.178,www.remc1.net,1,0,11
141.218.173.27,iefdf.wmich.edu,1,0,11
198.110.48.185,*.muskegonisd.org,1,0,11
207.74.209.38,idp.collegeforcreativestudies.edu,1,0,11
69.58.32.136,powerschool.hassk12.org,1,0,11
69.58.58.243,www.vbisd.org,1,0,11
141.217.20.41,awstats.library.wayne.edu,1,0,11
69.58.58.242,www.vbisd.org,1,0,11
198.108.140.102,mychart.bronsonhealth.com,1,0,11
136.228.38.43,remcsave.org,1,0,11
141.212.106.162,kjleach.eecs.umich.edu,1,0,11
141.211.25.230,msetup.its.umich.edu,1,0,11
141.214.2.43,find-pancancer-early.org,1,0,11
141.214.159.165,ravpn3.med.umich.edu,1,0,11
198.111.162.3,lis.sfldlib.org,1,0,11
141.211.21.150,weblogin.umich.edu,1,0,11
141.211.182.128,www.lsi.umich.edu,1,0,11
141.211.3.32,www.dsc.umich.edu,1,0,11
198.111.188.195,my.umcu.org,1,0,11
141.211.3.61,www.dsc.umich.edu,1,0,11
198.109.240.109,www.countrysidepowerschool.berrienresa.org,1,0,11
141.193.177.123,tst.mijnunivezorg.nl,1,0,11
66.202.198.67,www.davenport.edu,1,0,11
69.58.58.241,www.vbisd.org,1,0,11
198.109.240.122,psmarcellus.berrienresa.org,1,0,11
141.214.172.155,reprint-apms.org,1,0,11
141.212.113.17,in.eecs.umich.edu,1,0,11
141.211.217.173,www.listening.michiganassessment.org,1,0,11
136.228.36.54,www.tbaisd.k12.mi.us,1,0,11
141.211.3.39,mgis-stage.med.umich.edu,1,0,11
141.210.164.133,www.oakland.edu,1,0,11
206.57.252.215,device4218899-865a25fa.wd2go.com,1,0,11
136.228.36.178,www.tcaps.net,1,0,11
206.57.177.203,www.gpschools.org,1,0,10
164.76.7.113,www.emich.edu,1,0,10
198.110.199.58,mram.nmu.edu,1,0,10
207.190.176.152,www.eriemason.k12.mi.us,1,0,10
198.108.140.208,videortr1.bronsonhg.org,1,0,10
69.58.58.240,www.vbisd.org,1,0,10
198.111.176.95,sms.wccnet.edu,1,0,10
141.216.2.231,cucfl1.umflint.edu,1,0,10
141.214.120.45,datasetcatalog.med.umich.edu,1,0,10
141.214.186.44,label.mbni.org,1,0,10
198.111.164.106,www.cantonpl.org,1,0,10
141.211.212.72,www.icpsr.umich.edu,1,0,10
141.211.3.22,www.dsc.umich.edu,1,0,10
141.211.28.51,weblogin.umich.edu,1,0,10
141.193.177.107,www.portal.jbsmac.info,1,0,10
198.109.240.223,moodle2.berrienresa.org,1,0,10
69.58.60.18,www.mattawanschools.org,1,0,10
69.58.58.192,www.vbisd.org,1,0,10
192.153.163.250,randolph.mcc.edu,1,0,10
141.216.10.247,oel.umflint.edu,1,0,10
141.212.114.105,autograder.io,1,0,10
208.68.25.30,www.remc1.net,1,0,10
69.58.58.198,www.vbisd.org,1,0,10
141.214.186.46,jihcv.org,1,0,10
153.106.169.11,www.calvin.edu,1,0,10
136.228.36.49,www.tbaisd.k12.mi.us,1,0,10
69.58.32.156,www.swmitech.org,1,0,10
141.193.178.175,int-zurich-trustee.rpmi.co.uk,1,0,10
136.228.56.75,helpdesk.pps.k12.mi.us,1,0,10
141.218.1.86,www.westhillsathletic.com,1,0,10
141.216.10.15,speedtest.umflint.edu,1,0,10
141.211.55.20,csgadmin.sph.umich.edu,1,0,10
141.212.115.165,autograder.io,1,0,10
198.109.240.129,sjpowerschooltest.berrienresa.org,1,0,10
141.211.7.148,www-personal.umich.edu,1,0,10
141.211.184.176,www.borromean.digital,1,0,10
207.74.87.134,www.edzone.net,1,0,10
141.211.55.64,staging.locuszoom.org,1,0,10
198.109.240.125,ps.berrienresa.org,1,0,10
141.211.5.68,www.lrc.lsa.umich.edu,1,0,10
141.214.253.116,izar.msis.med.umich.edu,1,0,10
198.109.240.120,bhcsps.berrienresa.org,1,0,10
35.9.10.80,ctqa.cl.msu.edu,1,0,10
66.219.116.77,autodiscover.clareco.net,1,0,10
198.109.240.105,bridgmanpowerschool.berrienresa.org,1,0,10
69.58.58.193,www.vbisd.org,1,0,10
136.228.34.32,www.oaisd.org,1,0,10
198.109.240.124,pshartford.berrienresa.org,1,0,10
141.211.3.33,www.dsc.umich.edu,1,0,10
208.68.25.241,www.remc1.net,1,0,10
141.214.159.72,testcorevpn.med.umich.edu,1,0,10
141.193.177.142,www.tccrocks.com,1,0,10
141.211.211.132,kb-dev.lsa.umich.edu,1,0,10
136.228.38.72,ps.inghamisd.org,1,0,9
141.211.211.110,supermon.lsait.lsa.umich.edu,1,0,9
141.214.16.91,education-staging1.med.umich.edu,1,0,9
141.211.3.48,www.dsc.umich.edu,1,0,9
198.111.56.182,www.macomb.edu,1,0,9
136.228.45.210,www.manistee.org,1,0,9
136.228.38.66,www.inghamisd.org,1,0,9
35.39.169.232,lrcerebro.mll.gvsu.edu,1,0,9
208.68.25.124,www.remc1.net,1,0,9
136.228.34.6,www.oaisd.org,1,0,9
141.211.3.54,www.dsc.umich.edu,1,0,9
141.217.21.220,michmemories.org,1,0,9
141.217.112.66,rs4.reuther.wayne.edu,1,0,9
35.9.66.221,install.loncapa.org,1,0,9
198.109.24.141,www.udmercy.edu,1,0,9
198.108.140.137,mychart.fhckzoo.com,1,0,9
69.58.60.26,www.mattawanschools.org,1,0,9
208.79.212.229,www.3dlandscapegroup.com,1,0,9
198.108.141.184,visualize.bronsonhg.org,1,0,9
198.109.240.113,nilespowerschool.berrienresa.org,1,0,9
198.111.162.21,www.southfieldlibrary.org,1,0,9
141.214.9.142,p-mhealth.med.umich.edu,1,0,9
141.211.7.200,weblogin.umich.edu,1,0,9
198.109.240.103,buchananpowerschool.berrienresa.org,1,0,9
207.73.253.101,powerschool.almontschools.org,1,0,9
69.58.32.45,softphone.swmitech.org,1,0,9
141.211.4.31,*.bmc2.org,1,0,9
198.109.240.107,riversidepowerschool.berrienresa.org,1,0,9
141.217.21.79,gradlifecycle.wayne.edu,1,0,9
207.190.177.231,monroeisd.us,1,0,9
141.211.217.111,projectguardohio.org,1,0,9
207.190.176.146,www.eriemason.k12.mi.us,1,0,9
207.73.7.6,vpn.norcocmh.org,1,0,9
136.228.36.64,www.tbaisd.k12.mi.us,1,0,9
66.219.112.80,powerschool.clare.k12.mi.us,1,0,9
141.211.184.20,si.umich.edu,1,0,9
141.212.115.200,soar.eecs.umich.edu,1,0,9
207.73.213.109,ps.ycschools.us,1,0,9
136.228.35.41,powerschool.jpsonline.org,1,0,9
198.109.240.119,www.bhps.berrienresa.org,1,0,9
69.58.58.195,www.vbisd.org,1,0,9
69.58.58.191,www.vbisd.org,1,0,9
198.108.255.6,pwrschl.menominee.k12.mi.us,1,0,8
136.228.34.37,ps.oakridgeschools.org,1,0,8
141.211.4.119,www.engin.umich.edu,1,0,8
69.58.58.200,www.vbisd.org,1,0,8
198.110.48.198,*.muskegonisd.org,1,0,8
136.228.38.136,ps.waverlyk12.net,1,0,8
198.108.141.185,visualizetst.bronsonhg.org,1,0,8
136.228.38.31,www.panthernet.net,1,0,8
198.108.220.104,www.copesd.org,1,0,8
136.228.56.67,helpdesk.pps.k12.mi.us,1,0,8
141.211.20.203,addmasbp.dsc.umich.edu,1,0,8
35.9.67.220,nanotube.msu.edu,1,0,8
198.108.253.105,cloud.deltacountymi.org,1,0,8
35.9.51.179,msuhla.chm.msu.edu,1,0,8
141.214.9.164,openclinica-dev.med.umich.edu,1,0,8
198.109.240.116,www.brandywinepowerschool.berrienresa.org,1,0,8
141.211.3.55,www.dsc.umich.edu,1,0,8
198.108.140.106,volunteers.bronsonhg.org,1,0,8
207.74.79.195,ebill.pieg.com,1,0,8
69.58.58.246,www.vbisd.org,1,0,8
141.216.10.21,www.umflint.edu,1,0,8
198.108.253.104,deltacountymi.org,1,0,8
141.216.4.83,*.umflint.edu,1,0,8
198.110.200.21,voicemail.nmu.edu,1,0,8
141.217.0.43,coeuswebtest.wayne.edu,1,0,8
148.61.16.175,mi-mapdata.net,1,0,7
136.228.34.56,powerschool.spring-lake.k12.mi.us,1,0,7
141.211.4.243,aglane-dev.lsait.lsa.umich.edu,1,0,7
141.217.1.32,*.wayne.edu,1,0,7
207.190.162.56,exchange.airport.k12.mi.us,1,0,7
208.68.27.28,www.finlandia.edu,1,0,7
206.57.177.204,www.gpschools.org,1,0,7
198.111.188.208,vpn.umcu.org,1,0,7
35.8.230.20,molecularbiophysics.natsci.msu.edu,1,0,7
198.108.141.161,www.bronsonhg.org,1,0,7
207.190.168.31,dundee.k12.mi.us,1,0,7
198.109.240.117,berrienspringspowerschool.berrienresa.org,1,0,7
136.228.35.226,www.oaisd.org,1,0,7
198.109.240.118,sjpowerschool.berrienresa.org,1,0,7
136.228.34.20,www.oaisd.org,1,0,7
198.108.143.181,voalte3.voalte.borgess.com,1,0,7
141.213.11.69,x3313.eecs.umich.edu,1,0,7
136.228.39.208,www.hpsk12.net,1,0,7
141.193.176.136,immersivedesignstudios.com,1,0,7
207.190.177.120,www.maeds.org,1,0,7
136.228.38.47,ps.dansville.org,1,0,7
69.58.58.253,www.vbisd.org,1,0,7
204.38.48.7,www.diisd.org,1,0,7
207.75.55.92,vpn.lvdhealthcenter.com,1,0,6
207.190.177.219,monroeisd.us,1,0,6
136.228.34.31,www.oaisd.org,1,0,6
136.228.35.149,www.edulogweb2b.zps.org,1,0,6
69.58.58.245,www.vbisd.org,1,0,6
141.193.178.212,waf3.krauzo.pl,1,0,6
198.109.240.101,rivervalleypowerschool.berrienresa.org,1,0,6
207.75.234.46,www.hillsdale.edu,1,0,6
198.111.162.254,www.rhpl.org,1,0,6
198.109.240.127,pssouthhaven.berrienresa.org,1,0,6
136.228.59.84,ps.hollandchristian.org,1,0,6
136.228.34.91,www.oaisd.org,1,0,6
198.109.240.126,successvlc.berrienresa.org,1,0,6
204.38.48.21,diisd.org,1,0,6
141.211.182.127,dna.sherman.lsi.umich.edu,1,0,6
136.228.35.8,www.hudsonville.k12.mi.us,1,0,6
136.228.56.74,powerschool.pps.k12.mi.us,1,0,5
141.211.211.52,supermon-01.lsait.lsa.umich.edu,1,0,5
164.76.158.106,emich.edu,1,0,5
207.190.176.162,www.eriemason.k12.mi.us,1,0,5
207.190.176.165,www.eriemason.k12.mi.us,1,0,5
136.228.35.134,v2ms.zps.org,1,0,5
136.228.34.176,GHAPSALIOWEB.GHAPS.ORG,1,0,5
136.228.35.228,www.ps.jenisonchristian.org,1,0,4
35.9.71.50,hep.pa.msu.edu,1,0,4
136.228.34.25,www.oaisd.org,1,0,4
207.75.234.81,www.hillsdale.edu,1,0,4
136.228.59.110,www.oaisd.org,1,0,4
141.211.3.51,www.dsc.umich.edu,1,0,4
136.228.35.21,www.hudsonville.k12.mi.us,1,0,4
35.9.66.214,msuphysicsclub.loncapa.org,1,0,4
136.228.34.41,ps.saugatuckps.com,1,0,4
136.228.35.49,powerschool.jpsonline.org,1,0,4
198.109.240.115,www.lps.berrienresa.org,1,0,4
153.106.200.141,www.calvin.edu,1,0,4
136.228.34.19,destiny.hamiltonschools.us,1,0,3
136.228.38.65,www.inghamisd.org,1,0,3
141.219.188.21,Unknown,1,0,2
64.113.50.122,Unknown,1,0,2
64.113.57.195,Unknown,1,0,2
141.193.179.64,Unknown,1,0,2
148.61.16.173,Unknown,1,0,2
173.225.190.36,Unknown,1,0,2
141.214.65.150,Unknown,1,0,2
64.113.50.54,Unknown,1,0,2
64.113.59.202,Unknown,1,0,2
198.109.89.77,Unknown,1,0,2
208.92.218.182,Unknown,1,0,2
64.113.59.70,Unknown,1,0,2
64.113.50.35,Unknown,1,0,2
207.74.195.249,Unknown,1,0,2
35.8.12.55,Unknown,1,0,2
64.113.59.96,Unknown,1,0,2
64.113.59.195,Unknown,1,0,2
208.92.219.147,Unknown,1,0,2
35.9.188.180,Unknown,1,0,2
35.8.12.11,Unknown,1,0,2
141.193.178.43,Unknown,1,0,2
141.211.54.201,Unknown,1,0,2
64.113.50.27,Unknown,1,0,2
35.8.48.13,Unknown,1,0,2
208.118.64.7,Unknown,1,0,2
64.113.57.238,Unknown,1,0,2
35.9.12.36,Unknown,1,0,2
198.111.176.89,Unknown,1,0,2
35.8.12.123,Unknown,1,0,2
64.113.59.69,Unknown,1,0,2
64.113.57.226,Unknown,1,0,2
64.113.57.100,Unknown,1,0,2
141.217.0.135,Unknown,1,0,2
35.8.12.235,Unknown,1,0,2
64.113.59.54,Unknown,1,0,1
64.113.50.194,Unknown,1,0,1
208.64.36.8,Unknown,1,0,1
35.9.189.10,Unknown,1,0,1
141.193.177.38,Unknown,1,0,1
208.92.219.155,Unknown,1,0,1
35.9.75.55,Unknown,1,0,1
64.113.57.111,Unknown,1,0,1
64.113.57.193,Unknown,1,0,1
192.111.54.231,Unknown,1,0,1
192.111.54.12,Unknown,1,0,1
141.193.178.52,Unknown,1,0,1
64.235.150.114,Unknown,1,0,1
141.193.177.49,Unknown,1,0,1
64.113.57.18,Unknown,1,0,1
192.122.184.181,Unknown,1,0,1
35.8.12.128,Unknown,1,0,1
141.193.178.12,Unknown,1,0,1
141.214.120.41,Unknown,1,0,1
64.113.57.92,Unknown,1,0,1
192.108.188.106,Unknown,1,0,1
64.113.57.184,Unknown,1,0,1
198.110.204.11,Unknown,1,0,1
204.11.35.182,Unknown,1,0,1
64.113.59.225,Unknown,1,0,1
141.212.110.65,Unknown,1,0,1
207.75.116.254,Unknown,1,0,1
64.113.57.40,Unknown,1,0,1
64.113.50.61,Unknown,1,0,1
207.75.120.201,Unknown,1,0,1
204.11.32.198,Unknown,1,0,1
192.111.54.120,Unknown,1,0,1
141.193.178.18,Unknown,1,0,1
141.212.114.177,Unknown,1,0,1
199.16.185.140,Unknown,1,0,1
208.92.218.234,Unknown,1,0,1
141.193.177.32,Unknown,1,0,1
64.113.50.62,Unknown,1,0,1
35.8.12.61,Unknown,1,0,1
141.193.178.60,Unknown,1,0,1
204.11.33.231,Unknown,1,0,1
74.3.176.208,Unknown,1,0,1
64.113.57.185,Unknown,1,0,1
66.219.121.132,Unknown,1,0,1
141.193.177.71,Unknown,1,0,1
204.11.34.251,Unknown,1,0,1
64.113.50.147,Unknown,1,0,1
207.75.117.26,Unknown,1,0,1
198.110.48.199,Unknown,1,0,1
64.113.57.86,Unknown,1,0,1
208.64.38.5,Unknown,1,0,1
198.108.140.64,Unknown,1,0,1
208.64.37.42,Unknown,1,0,1
141.209.15.52,Unknown,1,0,1
74.3.176.106,Unknown,1,0,1
35.9.15.166,Unknown,1,0,1
64.113.59.196,Unknown,1,0,1
35.8.7.169,Unknown,1,0,1
141.193.178.2,Unknown,1,0,1
208.92.218.231,Unknown,1,0,1
204.11.35.92,Unknown,1,0,1
64.113.50.95,Unknown,1,0,1
64.113.50.230,Unknown,1,0,1
198.245.194.7,Unknown,1,0,1
64.113.59.10,Unknown,1,0,1
141.193.178.83,Unknown,1,0,1
141.211.4.47,Unknown,1,0,1
141.211.218.118,Unknown,1,0,1
64.113.57.73,Unknown,1,0,1
64.113.57.25,Unknown,1,0,1
208.64.38.217,Unknown,1,0,1
64.113.50.63,Unknown,1,0,1
64.113.59.229,Unknown,1,0,1
35.9.217.144,Unknown,1,0,1
64.113.57.190,Unknown,1,0,1
141.211.92.222,Unknown,1,0,1
141.211.149.71,Unknown,1,0,1
74.3.176.28,Unknown,1,0,1
64.113.50.48,Unknown,1,0,1
141.193.178.57,Unknown,1,0,1
141.193.178.46,Unknown,1,0,1
141.214.11.35,Unknown,1,0,1
204.11.34.194,Unknown,1,0,1
64.235.150.20,Unknown,1,0,1
64.113.59.134,Unknown,1,0,1
64.113.57.172,Unknown,1,0,1
64.113.50.217,Unknown,1,0,1
207.75.152.6,Unknown,1,0,1
199.16.185.141,Unknown,1,0,1
64.113.59.116,Unknown,1,0,1
64.113.50.218,Unknown,1,0,1
64.113.50.47,Unknown,1,0,1
141.193.179.86,Unknown,1,0,1
173.225.177.29,Unknown,1,0,1
208.64.37.58,Unknown,1,0,1
141.214.172.201,Unknown,1,0,1
35.8.33.31,Unknown,1,0,1
141.209.15.27,Unknown,1,0,1
35.8.12.29,Unknown,1,0,1
64.113.57.71,Unknown,1,0,1
64.113.50.216,Unknown,1,0,1
35.8.12.79,Unknown,1,0,1
64.113.57.159,Unknown,1,0,1
35.8.12.25,Unknown,1,0,1
35.9.15.137,Unknown,1,0,1
141.193.178.93,Unknown,1,0,1
64.113.59.187,Unknown,1,0,1
141.193.177.43,Unknown,1,0,1
64.113.57.177,Unknown,1,0,1
74.3.177.117,Unknown,1,0,1
173.225.178.61,Unknown,1,0,1
64.113.57.156,Unknown,1,0,1
208.64.38.215,Unknown,1,0,1
64.113.57.58,Unknown,1,0,1
35.8.12.183,Unknown,1,0,1
64.113.50.161,Unknown,1,0,1
64.113.57.115,Unknown,1,0,1
207.75.117.178,Unknown,1,0,1
141.193.178.82,Unknown,1,0,1
64.113.57.179,Unknown,1,0,1
141.193.177.28,Unknown,1,0,1
64.113.59.156,Unknown,1,0,1
35.8.72.76,Unknown,1,0,1
141.193.179.95,Unknown,1,0,1
35.8.12.181,Unknown,1,0,1
35.8.12.8,Unknown,1,0,1
141.212.114.81,Unknown,1,0,1
35.8.12.96,Unknown,1,0,1
208.68.24.132,Unknown,1,0,1
208.79.210.140,Unknown,1,0,1
35.8.12.53,Unknown,1,0,1
141.193.177.23,Unknown,1,0,1
64.113.59.144,Unknown,1,0,1
204.11.32.108,Unknown,1,0,1
64.113.59.181,Unknown,1,0,1
64.113.50.28,Unknown,1,0,1
35.8.12.192,Unknown,1,0,1
207.75.116.125,Unknown,1,0,1
64.113.59.49,Unknown,1,0,1
64.235.151.76,Unknown,1,0,1
35.8.12.253,Unknown,1,0,1
64.113.57.186,Unknown,1,0,1
192.111.54.243,Unknown,1,0,1
141.193.179.4,Unknown,1,0,1
64.113.59.126,Unknown,1,0,1
204.11.33.85,Unknown,1,0,1
199.16.185.133,Unknown,1,0,1
64.113.57.109,Unknown,1,0,1
141.193.178.63,Unknown,1,0,1
64.113.50.118,Unknown,1,0,1
208.64.37.39,Unknown,1,0,1
64.113.57.148,Unknown,1,0,1
208.92.218.173,Unknown,1,0,1
192.111.54.252,Unknown,1,0,1
141.211.236.14,Unknown,1,0,1
64.113.57.13,Unknown,1,0,1
208.64.36.197,Unknown,1,0,1
141.193.177.25,Unknown,1,0,1
208.64.38.222,Unknown,1,0,1
141.211.211.26,Unknown,1,0,1
35.8.7.183,Unknown,1,0,1
141.212.118.91,Unknown,1,0,1
141.212.37.100,Unknown,1,0,1
141.193.179.30,Unknown,1,0,1
35.8.224.80,Unknown,1,0,1
199.16.185.168,Unknown,1,0,1
141.193.178.41,Unknown,1,0,1
204.11.35.176,Unknown,1,0,1
74.115.237.126,Unknown,1,0,1
141.214.186.39,Unknown,1,0,1
146.9.106.85,Unknown,1,0,1
64.113.57.198,Unknown,1,0,1
64.113.59.38,Unknown,1,0,1
141.193.177.41,Unknown,1,0,1
64.113.59.123,Unknown,1,0,1
74.3.176.213,Unknown,1,0,1
208.79.212.253,Unknown,1,0,1
64.113.57.27,Unknown,1,0,1
208.64.36.138,Unknown,1,0,1
64.113.50.106,Unknown,1,0,1
204.38.32.22,Unknown,1,0,1
141.193.178.66,Unknown,1,0,1
64.113.59.44,Unknown,1,0,1
64.113.59.212,Unknown,1,0,1
35.9.15.190,Unknown,1,0,1
141.193.179.98,Unknown,1,0,1
141.193.178.40,Unknown,1,0,1
141.218.1.77,Unknown,1,0,1
208.64.38.214,Unknown,1,0,1
64.113.50.120,Unknown,1,0,1
198.108.51.55,Unknown,1,0,1
141.218.20.14,Unknown,1,0,1
64.235.150.116,Unknown,1,0,1
64.113.57.110,Unknown,1,0,1
35.8.12.144,Unknown,1,0,1
35.9.15.157,Unknown,1,0,1
141.193.177.45,Unknown,1,0,1
192.111.54.242,Unknown,1,0,1
35.8.224.104,Unknown,1,0,1
141.211.211.70,Unknown,1,0,1
35.8.12.115,Unknown,1,0,1
164.76.2.222,Unknown,1,0,1
141.212.113.142,Unknown,1,0,1
208.79.212.228,Unknown,1,0,1
141.193.179.5,Unknown,1,0,1
64.113.57.153,Unknown,1,0,1
173.225.177.18,Unknown,1,0,1
141.193.179.7,Unknown,1,0,1
208.64.38.231,Unknown,1,0,1
204.39.94.38,Unknown,1,0,1
141.211.55.23,Unknown,1,0,1
35.8.72.136,Unknown,1,0,1
35.8.12.118,Unknown,1,0,1
35.8.224.77,Unknown,1,0,1
35.9.123.40,Unknown,1,0,1
141.193.179.9,Unknown,1,0,1
141.193.179.44,Unknown,1,0,1
204.11.35.202,Unknown,1,0,1
64.113.57.229,Unknown,1,0,1
208.64.38.171,Unknown,1,0,1
64.113.50.164,Unknown,1,0,1
141.216.78.134,Unknown,1,0,1
141.211.147.138,Unknown,1,0,1
64.113.50.207,Unknown,1,0,1
74.3.176.214,Unknown,1,0,1
64.113.57.183,Unknown,1,0,1
206.57.199.43,Unknown,1,0,1
141.211.7.170,Unknown,1,0,1
141.193.177.19,Unknown,1,0,1
64.113.50.98,Unknown,1,0,1
192.111.54.45,Unknown,1,0,1
141.213.3.140,Unknown,1,0,1
141.193.179.84,Unknown,1,0,1
64.113.59.87,Unknown,1,0,1
64.113.59.142,Unknown,1,0,1
74.3.176.92,Unknown,1,0,1
64.113.59.63,Unknown,1,0,1
35.8.7.189,Unknown,1,0,1
141.209.170.37,Unknown,1,0,1
141.211.182.30,Unknown,1,0,1
141.193.177.85,Unknown,1,0,1
141.193.179.50,Unknown,1,0,1
198.109.24.92,Unknown,1,0,1
141.193.177.27,Unknown,1,0,1
204.11.33.59,Unknown,1,0,1
141.193.177.90,Unknown,1,0,1
35.8.12.178,Unknown,1,0,1
35.8.12.182,Unknown,1,0,1
204.11.35.184,Unknown,1,0,1
64.113.57.133,Unknown,1,0,1
141.217.0.188,Unknown,1,0,1
208.68.25.49,Unknown,1,0,1
141.211.160.29,Unknown,1,0,1
64.113.59.223,Unknown,1,0,1
199.16.185.135,Unknown,1,0,1
35.8.12.22,Unknown,1,0,1
64.113.57.82,Unknown,1,0,1
64.113.57.62,Unknown,1,0,1
208.92.218.230,Unknown,1,0,1
192.122.184.200,Unknown,1,0,1
207.75.164.246,Unknown,1,0,1
64.113.59.180,Unknown,1,0,1
198.111.176.8,Unknown,1,0,1
64.113.57.234,Unknown,1,0,1
64.113.59.100,Unknown,1,0,1
